edited_name,matched_canonical_name_norm,source_model,edited_length,canonical_length,length_difference,edit_distance_count,additions_count,deletions_count,flip_count,matches_count,edit_distance_over_edited_length,edit_distance_over_canonical_length,similarity_over_canonical_length,operation_sequence
GHONT,CALAMINE,easyocr,5,8,3,7,3,0,4,1,1.400000,0.875000,0.125000,I(C) I(A) I(L) R(G->A) R(H->M) R(O->I) M(N) R(T->E)
VJOVEX,VIGOREX,easyocr,6,7,1,3,1,0,2,4,0.500000,0.428571,0.571429,M(V) I(I) R(J->G) M(O) R(V->R) M(E) M(X)
MYUBKL,MYOLAX,easyocr,6,6,0,4,0,0,4,2,0.666667,0.666667,0.333333,M(M) M(Y) R(U->O) R(B->L) R(K->A) R(L->X)
V6,RIVOTRIL,easyocr,2,8,6,7,6,0,1,1,3.500000,0.875000,0.125000,I(R) I(I) M(V) I(O) I(T) I(R) I(I) R(6->L)
JORF,VIGOREX,easyocr,4,7,3,5,3,0,2,2,1.250000,0.714286,0.285714,I(V) I(I) R(J->G) M(O) M(R) I(E) R(F->X)
PSWNV,RIVOTRIL,easyocr,5,8,3,8,3,0,5,0,1.600000,1.000000,0.000000,I(R) I(I) I(V) R(P->O) R(S->T) R(W->R) R(N->I) R(V->L)
MYHU,MYOLAX,easyocr,4,6,2,4,2,0,2,2,1.000000,0.666667,0.333333,M(M) M(Y) I(O) I(L) R(H->A) R(U->X)
LGCMU,LACTO,easyocr,5,5,0,3,0,0,3,2,0.600000,0.600000,0.400000,M(L) R(G->A) M(C) R(M->T) R(U->O)
PNO,RIVO,easyocr,3,4,1,3,1,0,2,1,1.000000,0.750000,0.250000,I(R) R(P->I) R(N->V) M(O)
FOK,LACTO,easyocr,3,5,2,5,2,0,3,0,1.666667,1.000000,0.000000,I(L) I(A) R(F->C) R(O->T) R(K->O)
LWH,LACTO,easyocr,3,5,2,4,2,0,2,1,1.333333,0.800000,0.200000,M(L) I(A) I(C) R(W->T) R(H->O)
RVEKK L,RIVOTRIL,easyocr,7,8,1,5,1,0,4,3,0.714286,0.625000,0.375000,M(R) I(I) M(V) R(E->O) R(K->T) R(K->R) R( ->I) M(L)
VIBKHI,RIVOTRIL,easyocr,6,8,2,6,2,0,4,2,1.000000,0.750000,0.250000,R(V->R) M(I) I(V) R(B->O) R(K->T) R(H->R) M(I) I(L)
ILYCKY M,MYOLAX,easyocr,8,6,-2,7,0,2,5,1,0.875000,1.166667,-0.166667,D(I) R(L->M) M(Y) D(C) R(K->O) R(Y->L) R( ->A) R(M->X)
MH,MYOLAX,easyocr,2,6,4,5,4,0,1,1,2.500000,0.833333,0.166667,M(M) I(Y) I(O) I(L) I(A) R(H->X)
KABKDK,KETOROLAC,easyocr,6,9,3,8,3,0,5,1,1.333333,0.888889,0.111111,M(K) I(E) I(T) I(O) R(A->R) R(B->O) R(K->L) R(D->A) R(K->C)
HAYDR,ABASAGLAR,easyocr,5,9,4,7,4,0,3,2,1.400000,0.777778,0.222222,I(A) I(B) I(A) R(H->S) M(A) I(G) R(Y->L) R(D->A) M(R)
KEBRDLT,KETOROLAC,easyocr,7,9,2,5,2,0,3,4,0.714286,0.555556,0.444444,M(K) M(E) I(T) R(B->O) M(R) R(D->O) M(L) I(A) R(T->C)
PA,PETHIDINE,easyocr,2,9,7,8,7,0,1,1,4.000000,0.888889,0.111111,M(P) I(E) I(T) I(H) I(I) I(D) I(I) I(N) R(A->E)
KYTOROT,KETOROLAC,easyocr,7,9,2,4,2,0,2,5,0.571429,0.444444,0.555556,M(K) R(Y->E) M(T) M(O) M(R) M(O) I(L) I(A) R(T->C)
LEHUB,PETHIDINE,easyocr,5,9,4,7,4,0,3,2,1.400000,0.777778,0.222222,R(L->P) M(E) I(T) M(H) I(I) I(D) I(I) R(U->N) R(B->E)
PIVLAL,RIVOTRIL,easyocr,6,8,2,5,2,0,3,3,0.833333,0.625000,0.375000,R(P->R) M(I) M(V) I(O) I(T) R(L->R) R(A->I) M(L)
W,KETOROLAC,easyocr,1,9,8,9,8,0,1,0,9.000000,1.000000,0.000000,I(K) I(E) I(T) I(O) I(R) I(O) I(L) I(A) R(W->C)
MD,RIVOTRIL,easyocr,2,8,6,8,6,0,2,0,4.000000,1.000000,0.000000,I(R) I(I) I(V) I(O) I(T) I(R) R(M->I) R(D->L)
FVH,ENTECAVIR,easyocr,3,9,6,8,6,0,2,1,2.666667,0.888889,0.111111,I(E) I(N) I(T) I(E) I(C) R(F->A) M(V) I(I) R(H->R)
LANYU,LANTUS,easyocr,5,6,1,2,1,0,1,4,0.400000,0.333333,0.666667,M(L) M(A) M(N) R(Y->T) M(U) I(S)
LV,LANTUS,easyocr,2,6,4,5,4,0,1,1,2.500000,0.833333,0.166667,M(L) I(A) I(N) I(T) I(U) R(V->S)
KHUH,KETOROLAC,easyocr,4,9,5,8,5,0,3,1,2.000000,0.888889,0.111111,M(K) I(E) I(T) I(O) I(R) I(O) R(H->L) R(U->A) R(H->C)
LAX,LASIX,easyocr,3,5,2,2,2,0,0,3,0.666667,0.400000,0.600000,M(L) M(A) I(S) I(I) M(X)
LOSIX,LASIX,easyocr,5,5,0,1,0,0,1,4,0.200000,0.200000,0.800000,M(L) R(O->A) M(S) M(I) M(X)
LWK,LASIX,easyocr,3,5,2,4,2,0,2,1,1.333333,0.800000,0.200000,M(L) I(A) I(S) R(W->I) R(K->X)
BSLX,LASIX,easyocr,4,5,1,3,1,0,2,2,0.750000,0.600000,0.400000,I(L) R(B->A) M(S) R(L->I) M(X)
IYT,AMIKACIN,easyocr,3,8,5,7,5,0,2,1,2.333333,0.875000,0.125000,I(A) I(M) M(I) I(K) I(A) I(C) R(Y->I) R(T->N)
IWOL,NEUROCET,easyocr,4,8,4,7,4,0,3,1,1.750000,0.875000,0.125000,I(N) I(E) R(I->U) R(W->R) M(O) I(C) I(E) R(L->T)
LUSIY,LASIX,easyocr,5,5,0,2,0,0,2,3,0.400000,0.400000,0.600000,M(L) R(U->A) M(S) M(I) R(Y->X)
HOAVACH,AMIKACIN,easyocr,7,8,1,6,1,0,5,2,0.857143,0.750000,0.250000,R(H->A) R(O->M) R(A->I) R(V->K) M(A) M(C) I(I) R(H->N)
KEMMLAC,KETOROLAC,easyocr,7,9,2,4,2,0,2,5,0.571429,0.444444,0.555556,M(K) M(E) I(T) I(O) R(M->R) R(M->O) M(L) M(A) M(C)
LEPPOOLAA,KETOROLAC,easyocr,9,9,0,5,0,0,5,4,0.555556,0.555556,0.444444,R(L->K) M(E) R(P->T) R(P->O) R(O->R) M(O) M(L) M(A) R(A->C)
KBPK,KETOROLAC,easyocr,4,9,5,8,5,0,3,1,2.000000,0.888889,0.111111,M(K) I(E) I(T) I(O) I(R) I(O) R(B->L) R(P->A) R(K->C)
KETOHOKD,KETOROLAC,easyocr,8,9,1,4,1,0,3,5,0.500000,0.444444,0.555556,M(K) M(E) M(T) M(O) R(H->R) M(O) I(L) R(K->A) R(D->C)
UUIXM,CEFIXIME,easyocr,5,8,3,5,3,0,2,3,1.000000,0.625000,0.375000,I(C) R(U->E) R(U->F) M(I) M(X) I(I) M(M) I(E)
PBAL,KETOROLAC,easyocr,4,9,5,8,5,0,3,1,2.000000,0.888889,0.111111,I(K) I(E) I(T) I(O) I(R) R(P->O) R(B->L) M(A) R(L->C)
HKASGKD,ABASAGLAR,easyocr,7,9,2,6,2,0,4,3,0.857143,0.666667,0.333333,R(H->A) R(K->B) M(A) M(S) I(A) M(G) I(L) R(K->A) R(D->R)
KELOLAC,KETOROLAC,easyocr,7,9,2,3,2,0,1,6,0.428571,0.333333,0.666667,M(K) M(E) I(T) I(O) R(L->R) M(O) M(L) M(A) M(C)
UOKOTDLOO,KETOROLAC,easyocr,9,9,0,7,0,0,7,2,0.777778,0.777778,0.222222,R(U->K) R(O->E) R(K->T) M(O) R(T->R) R(D->O) M(L) R(O->A) R(O->C)
ABUXGU,IBUPROFEN,easyocr,6,9,3,7,3,0,4,2,1.166667,0.777778,0.222222,R(A->I) M(B) M(U) I(P) I(R) I(O) R(X->F) R(G->E) R(U->N)
KKATU,KETOROLAC,easyocr,5,9,4,8,4,0,4,1,1.600000,0.888889,0.111111,M(K) I(E) I(T) I(O) I(R) R(K->O) R(A->L) R(T->A) R(U->C)
KHXELY,KETOROLAC,easyocr,6,9,3,7,3,0,4,2,1.166667,0.777778,0.222222,M(K) I(E) I(T) R(H->O) R(X->R) R(E->O) M(L) I(A) R(Y->C)
ABUMKH,ABASAGLAR,easyocr,6,9,3,7,3,0,4,2,1.166667,0.777778,0.222222,M(A) M(B) I(A) I(S) I(A) R(U->G) R(M->L) R(K->A) R(H->R)
INB C,ALBUTEIN,easyocr,5,8,3,7,3,0,4,1,1.400000,0.875000,0.125000,R(I->A) R(N->L) M(B) I(U) I(T) I(E) R( ->I) R(C->N)
CKXADE,CLEXANE,easyocr,6,7,1,3,1,0,2,4,0.500000,0.428571,0.571429,M(C) I(L) R(K->E) M(X) M(A) R(D->N) M(E)
RIVOHCAL,RIVOTRIL,easyocr,8,8,0,3,0,0,3,5,0.375000,0.375000,0.625000,M(R) M(I) M(V) M(O) R(H->T) R(C->R) R(A->I) M(L)
MYK,MYOLAX,easyocr,3,6,3,4,3,0,1,2,1.333333,0.666667,0.333333,M(M) M(Y) I(O) I(L) I(A) R(K->X)
KWFA,RIVOTRIL,easyocr,4,8,4,8,4,0,4,0,2.000000,1.000000,0.000000,I(R) I(I) I(V) I(O) R(K->T) R(W->R) R(F->I) R(A->L)
GHK,GLINTA,easyocr,3,6,3,5,3,0,2,1,1.666667,0.833333,0.166667,M(G) I(L) I(I) I(N) R(H->T) R(K->A)
MYMLAX,MYOLAX,easyocr,6,6,0,1,0,0,1,5,0.166667,0.166667,0.833333,M(M) M(Y) R(M->O) M(L) M(A) M(X)
OSFOCU,OSTOCAL,easyocr,6,7,1,3,1,0,2,4,0.500000,0.428571,0.571429,M(O) M(S) R(F->T) M(O) M(C) I(A) R(U->L)
OLSK,OSSICA,easyocr,4,6,2,4,2,0,2,2,1.000000,0.666667,0.333333,M(O) R(L->S) M(S) I(I) I(C) R(K->A)
MXLAX,MYOLAX,easyocr,5,6,1,2,1,0,1,4,0.400000,0.333333,0.666667,M(M) I(Y) R(X->O) M(L) M(A) M(X)
MYOLOX,MYOLAX,easyocr,6,6,0,1,0,0,1,5,0.166667,0.166667,0.833333,M(M) M(Y) M(O) M(L) R(O->A) M(X)
MYOLUX,MYOLAX,easyocr,6,6,0,1,0,0,1,5,0.166667,0.166667,0.833333,M(M) M(Y) M(O) M(L) R(U->A) M(X)
RVOMI,RIVOTRIL,easyocr,5,8,3,4,3,0,1,4,0.800000,0.500000,0.500000,M(R) I(I) M(V) M(O) I(T) R(M->R) M(I) I(L)
OSSIKA,OSSICA,easyocr,6,6,0,1,0,0,1,5,0.166667,0.166667,0.833333,M(O) M(S) M(S) M(I) R(K->C) M(A)
KOHAP,KATOMOR,easyocr,5,7,2,5,2,0,3,2,1.000000,0.714286,0.285714,M(K) I(A) I(T) M(O) R(H->M) R(A->O) R(P->R)
MYOX,MYOLAX,easyocr,4,6,2,2,2,0,0,4,0.500000,0.333333,0.666667,M(M) M(Y) M(O) I(L) I(A) M(X)
MYOLS,MYOLAX,easyocr,5,6,1,2,1,0,1,4,0.400000,0.333333,0.666667,M(M) M(Y) M(O) M(L) I(A) R(S->X)
MYOAX,MYOLAX,easyocr,5,6,1,1,1,0,0,5,0.200000,0.166667,0.833333,M(M) M(Y) M(O) I(L) M(A) M(X)
H,RIVO,easyocr,1,4,3,4,3,0,1,0,4.000000,1.000000,0.000000,I(R) I(I) I(V) R(H->O)
RIUO,RIVO,easyocr,4,4,0,1,0,0,1,3,0.250000,0.250000,0.750000,M(R) M(I) R(U->V) M(O)
INSUG,INDERAL,easyocr,5,7,2,5,2,0,3,2,1.000000,0.714286,0.285714,M(I) M(N) I(D) I(E) R(S->R) R(U->A) R(G->L)
VJOEX,VIGOREX,easyocr,5,7,2,3,2,0,1,4,0.600000,0.428571,0.571429,M(V) I(I) R(J->G) M(O) I(R) M(E) M(X)
IJ6EK,VIGOREX,easyocr,5,7,2,5,2,0,3,2,1.000000,0.714286,0.285714,I(V) M(I) I(G) R(J->O) R(6->R) M(E) R(K->X)
HYY 05,OSTOCAL,easyocr,6,7,1,7,1,0,6,0,1.166667,1.000000,0.000000,I(O) R(H->S) R(Y->T) R(Y->O) R( ->C) R(0->A) R(5->L)
VIGORZ,VIGOREX,got_ocr2,6,7,1,2,1,0,1,5,0.333333,0.285714,0.714286,M(V) M(I) M(G) M(O) M(R) I(E) R(Z->X)
RIVOFRI,RIVOTRIL,got_ocr2,7,8,1,2,1,0,1,6,0.285714,0.250000,0.750000,M(R) M(I) M(V) M(O) R(F->T) M(R) M(I) I(L)
VIGOR EP,VIGOREX,got_ocr2,8,7,-1,2,0,1,1,6,0.250000,0.285714,0.714286,M(V) M(I) M(G) M(O) M(R) D( ) M(E) R(P->X)
RICOLONI,RIVOTRIL,got_ocr2,8,8,0,5,0,0,5,3,0.625000,0.625000,0.375000,M(R) M(I) R(C->V) M(O) R(L->T) R(O->R) R(N->I) R(I->L)
VIGORUP,VIGOREX,got_ocr2,7,7,0,2,0,0,2,5,0.285714,0.285714,0.714286,M(V) M(I) M(G) M(O) M(R) R(U->E) R(P->X)
RIVOTTROL,RIVOTRIL,got_ocr2,9,8,-1,2,0,1,1,7,0.222222,0.250000,0.750000,M(R) M(I) M(V) M(O) D(T) M(T) M(R) R(O->I) M(L)
MYOLAG,MYOLAX,got_ocr2,6,6,0,1,0,0,1,5,0.166667,0.166667,0.833333,M(M) M(Y) M(O) M(L) M(A) R(G->X)
LACFU,LACTO,got_ocr2,5,5,0,2,0,0,2,3,0.400000,0.400000,0.600000,M(L) M(A) M(C) R(F->T) R(U->O)
TELFASE,TELFAST,got_ocr2,7,7,0,1,0,0,1,6,0.142857,0.142857,0.857143,M(T) M(E) M(L) M(F) M(A) M(S) R(E->T)
LAEFV,LACTO,got_ocr2,5,5,0,3,0,0,3,2,0.600000,0.600000,0.400000,M(L) M(A) R(E->C) R(F->T) R(V->O)
LAETU,LACTO,got_ocr2,5,5,0,2,0,0,2,3,0.400000,0.400000,0.600000,M(L) M(A) R(E->C) M(T) R(U->O)
RIVOTNI,RIVOTRIL,got_ocr2,7,8,1,2,1,0,1,6,0.285714,0.250000,0.750000,M(R) M(I) M(V) M(O) M(T) R(N->R) M(I) I(L)
KETOREDAO,KETOROLAC,got_ocr2,9,9,0,3,0,0,3,6,0.333333,0.333333,0.666667,M(K) M(E) M(T) M(O) M(R) R(E->O) R(D->L) M(A) R(O->C)
CHXIME,CEFIXIME,got_ocr2,6,8,2,3,2,0,1,5,0.500000,0.375000,0.625000,M(C) I(E) I(F) R(H->I) M(X) M(I) M(M) M(E)
ABA SAQLAR,ABASAGLAR,got_ocr2,10,9,-1,2,0,1,1,8,0.200000,0.222222,0.777778,M(A) M(B) M(A) D( ) M(S) M(A) R(Q->G) M(L) M(A) M(R)
KETONOLAC,KETOROLAC,got_ocr2,9,9,0,1,0,0,1,8,0.111111,0.111111,0.888889,M(K) M(E) M(T) M(O) R(N->R) M(O) M(L) M(A) M(C)
KUT ORALAE,KETOROLAC,got_ocr2,10,9,-1,4,0,1,3,6,0.400000,0.444444,0.555556,M(K) R(U->E) M(T) D( ) M(O) M(R) R(A->O) M(L) M(A) R(E->C)
FEWCLINU,PETHIDINE,got_ocr2,8,9,1,6,1,0,5,3,0.750000,0.666667,0.333333,R(F->P) M(E) I(T) R(W->H) R(C->I) R(L->D) M(I) M(N) R(U->E)
RIVOLI,RIVOTRIL,got_ocr2,6,8,2,3,2,0,1,5,0.500000,0.375000,0.625000,M(R) M(I) M(V) M(O) I(T) R(L->R) M(I) I(L)
KETORCOLAC,KETOROLAC,got_ocr2,10,9,-1,1,0,1,0,9,0.100000,0.111111,0.888889,M(K) M(E) M(T) M(O) M(R) D(C) M(O) M(L) M(A) M(C)
RVOTRIL,RIVOTRIL,got_ocr2,7,8,1,1,1,0,0,7,0.142857,0.125000,0.875000,M(R) I(I) M(V) M(O) M(T) M(R) M(I) M(L)
ENTECAVM,ENTECAVIR,got_ocr2,8,9,1,2,1,0,1,7,0.250000,0.222222,0.777778,M(E) M(N) M(T) M(E) M(C) M(A) M(V) I(I) R(M->R)
LANTUY,LANTUS,got_ocr2,6,6,0,1,0,0,1,5,0.166667,0.166667,0.833333,M(L) M(A) M(N) M(T) M(U) R(Y->S)
LANKS,LANTUS,got_ocr2,5,6,1,2,1,0,1,4,0.400000,0.333333,0.666667,M(L) M(A) M(N) I(T) R(K->U) M(S)
LARIX,LASIX,got_ocr2,5,5,0,1,0,0,1,4,0.200000,0.200000,0.800000,M(L) M(A) R(R->S) M(I) M(X)
LABIX,LASIX,got_ocr2,5,5,0,1,0,0,1,4,0.200000,0.200000,0.800000,M(L) M(A) R(B->S) M(I) M(X)
LORIX,LASIX,got_ocr2,5,5,0,2,0,0,2,3,0.400000,0.400000,0.600000,M(L) R(O->A) R(R->S) M(I) M(X)
LASFIX,LASIX,got_ocr2,6,5,-1,1,0,1,0,5,0.166667,0.200000,0.800000,M(L) M(A) M(S) D(F) M(I) M(X)
KETO NO LAE,KETOROLAC,got_ocr2,11,9,-2,4,0,2,2,7,0.363636,0.444444,0.555556,M(K) M(E) M(T) M(O) D( ) R(N->R) M(O) D( ) M(L) M(A) R(E->C)
KETROLA,KETOROLAC,got_ocr2,7,9,2,2,2,0,0,7,0.285714,0.222222,0.777778,M(K) M(E) M(T) I(O) M(R) M(O) M(L) M(A) I(C)
KETOROTAE,KETOROLAC,got_ocr2,9,9,0,2,0,0,2,7,0.222222,0.222222,0.777778,M(K) M(E) M(T) M(O) M(R) M(O) R(T->L) M(A) R(E->C)
TANHXIM,CEFIXIME,got_ocr2,7,8,1,5,1,0,4,3,0.714286,0.625000,0.375000,R(T->C) R(A->E) R(N->F) R(H->I) M(X) M(I) M(M) I(E)
KOTORROLQE,KETOROLAC,got_ocr2,10,9,-1,4,0,1,3,6,0.400000,0.444444,0.555556,M(K) R(O->E) M(T) M(O) D(R) M(R) M(O) M(L) R(Q->A) R(E->C)
ABUPNDER,IBUPROFEN,got_ocr2,8,9,1,5,1,0,4,4,0.625000,0.555556,0.444444,R(A->I) M(B) M(U) M(P) I(R) R(N->O) R(D->F) M(E) R(R->N)
KEFONOLAE,KETOROLAC,got_ocr2,9,9,0,3,0,0,3,6,0.333333,0.333333,0.666667,M(K) M(E) R(F->T) M(O) R(N->R) M(O) M(L) M(A) R(E->C)
KETROLY,KETOROLAC,got_ocr2,7,9,2,3,2,0,1,6,0.428571,0.333333,0.666667,M(K) M(E) M(T) I(O) M(R) M(O) M(L) I(A) R(Y->C)
A BAA G LAR,ABASAGLAR,got_ocr2,11,9,-2,4,0,2,2,7,0.363636,0.444444,0.555556,M(A) D( ) M(B) M(A) R(A->S) R( ->A) M(G) D( ) M(L) M(A) M(R)
ABASAGLAY,ABASAGLAR,got_ocr2,9,9,0,1,0,0,1,8,0.111111,0.111111,0.888889,M(A) M(B) M(A) M(S) M(A) M(G) M(L) M(A) R(Y->R)
CLAXANE,CLEXANE,got_ocr2,7,7,0,1,0,0,1,6,0.142857,0.142857,0.857143,M(C) M(L) R(A->E) M(X) M(A) M(N) M(E)
ALBUBEIN,ALBUTEIN,got_ocr2,8,8,0,1,0,0,1,7,0.125000,0.125000,0.875000,M(A) M(L) M(B) M(U) R(B->T) M(E) M(I) M(N)
CLEX A NE,CLEXANE,got_ocr2,9,7,-2,2,0,2,0,7,0.222222,0.285714,0.714286,M(C) M(L) M(E) M(X) D( ) M(A) D( ) M(N) M(E)
TO CO,TOCO,got_ocr2,5,4,-1,1,0,1,0,4,0.200000,0.250000,0.750000,M(T) M(O) D( ) M(C) M(O)
1000,TOCO,got_ocr2,4,4,0,4,0,0,4,0,1.000000,1.000000,0.000000,R(1->T) R(0->O) R(0->C) R(0->O)
RIVOHRUL,RIVOTRIL,got_ocr2,8,8,0,2,0,0,2,6,0.250000,0.250000,0.750000,M(R) M(I) M(V) M(O) R(H->T) M(R) R(U->I) M(L)
MYOLOGY,MYOLAX,got_ocr2,7,6,-1,3,0,1,2,4,0.428571,0.500000,0.500000,M(M) M(Y) M(O) M(L) D(O) R(G->A) R(Y->X)
RIVOFN2,RIVOTRIL,got_ocr2,7,8,1,4,1,0,3,4,0.571429,0.500000,0.500000,M(R) M(I) M(V) M(O) I(T) R(F->R) R(N->I) R(2->L)
OSTEAL,OSTOCAL,got_ocr2,6,7,1,2,1,0,1,5,0.333333,0.285714,0.714286,M(O) M(S) M(T) I(O) R(E->C) M(A) M(L)
GENARA PLUS,MYOLAX,got_ocr2,11,6,-5,10,0,5,5,1,0.909091,1.666667,-0.666667,D(G) D(E) D(N) D(A) D(R) R(A->M) R( ->Y) R(P->O) M(L) R(U->A) R(S->X)
MYOLUX,MYOLAX,got_ocr2,6,6,0,1,0,0,1,5,0.166667,0.166667,0.833333,M(M) M(Y) M(O) M(L) R(U->A) M(X)
RIVOTIL,RIVOTRIL,got_ocr2,7,8,1,1,1,0,0,7,0.142857,0.125000,0.875000,M(R) M(I) M(V) M(O) M(T) I(R) M(I) M(L)
KETOMAN,KATOMOR,got_ocr2,7,7,0,3,0,0,3,4,0.428571,0.428571,0.571429,M(K) R(E->A) M(T) M(O) M(M) R(A->O) R(N->R)
AYDANC2,RIVO,got_ocr2,7,4,-3,7,0,3,4,0,1.000000,1.750000,-0.750000,D(A) D(Y) D(D) R(A->R) R(N->I) R(C->V) R(2->O)
INDEVOL,INDERAL,got_ocr2,7,7,0,2,0,0,2,5,0.285714,0.285714,0.714286,M(I) M(N) M(D) M(E) R(V->R) R(O->A) M(L)
GLOBOMETER,CELEBREX,got_ocr2,10,8,-2,8,1,3,4,3,0.800000,1.000000,0.000000,I(C) R(G->E) M(L) R(O->E) M(B) D(O) D(M) D(E) R(T->R) M(E) R(R->X)
PROSET,PROGEST,got_ocr2,6,7,1,2,1,0,1,5,0.333333,0.285714,0.714286,M(P) M(R) M(O) R(S->G) M(E) I(S) M(T)
NIGROHEX,VIGOREX,internvl3_14b_hf,8,7,-1,3,0,1,2,5,0.375000,0.428571,0.571429,R(N->V) M(I) M(G) D(R) M(O) R(H->R) M(E) M(X)
PROFIL,RIVOTRIL,internvl3_14b_hf,6,8,2,5,2,0,3,3,0.833333,0.625000,0.375000,I(R) R(P->I) R(R->V) M(O) I(T) R(F->R) M(I) M(L)
RINATRIL,RIVOTRIL,internvl3_14b_hf,8,8,0,2,0,0,2,6,0.250000,0.250000,0.750000,M(R) M(I) R(N->V) R(A->O) M(T) M(R) M(I) M(L)
TELBACE,TELFAST,internvl3_14b_hf,7,7,0,3,0,0,3,4,0.428571,0.428571,0.571429,M(T) M(E) M(L) R(B->F) M(A) R(C->S) R(E->T)
LACTV,LACTO,internvl3_14b_hf,5,5,0,1,0,0,1,4,0.200000,0.200000,0.800000,M(L) M(A) M(C) M(T) R(V->O)
CETIXIME,CEFIXIME,internvl3_14b_hf,8,8,0,1,0,0,1,7,0.125000,0.125000,0.875000,M(C) M(E) R(T->F) M(I) M(X) M(I) M(M) M(E)
ABASAGLAX,ABASAGLAR,internvl3_14b_hf,9,9,0,1,0,0,1,8,0.111111,0.111111,0.888889,M(A) M(B) M(A) M(S) M(A) M(G) M(L) M(A) R(X->R)
KETONOLAC,KETOROLAC,internvl3_14b_hf,9,9,0,1,0,0,1,8,0.111111,0.111111,0.888889,M(K) M(E) M(T) M(O) R(N->R) M(O) M(L) M(A) M(C)
PETRIDINE,PETHIDINE,internvl3_14b_hf,9,9,0,1,0,0,1,8,0.111111,0.111111,0.888889,M(P) M(E) M(T) R(R->H) M(I) M(D) M(I) M(N) M(E)
RIVATRIL,RIVOTRIL,internvl3_14b_hf,8,8,0,1,0,0,1,7,0.125000,0.125000,0.875000,M(R) M(I) M(V) R(A->O) M(T) M(R) M(I) M(L)
LANS,LANTUS,internvl3_14b_hf,4,6,2,2,2,0,0,4,0.500000,0.333333,0.666667,M(L) M(A) M(N) I(T) I(U) M(S)
LABISOL,LASIX,internvl3_14b_hf,7,5,-2,4,0,2,2,3,0.571429,0.800000,0.200000,M(L) M(A) D(B) D(I) M(S) R(O->I) R(L->X)
LAXIN,LASIX,internvl3_14b_hf,5,5,0,2,0,0,2,3,0.400000,0.400000,0.600000,M(L) M(A) R(X->S) M(I) R(N->X)
NEURONTIN,NEUROCET,internvl3_14b_hf,9,8,-1,4,0,1,3,5,0.444444,0.500000,0.500000,M(N) M(E) M(U) M(R) M(O) D(N) R(T->C) R(I->E) R(N->T)
KETOMOLAC,KETOROLAC,internvl3_14b_hf,9,9,0,1,0,0,1,8,0.111111,0.111111,0.888889,M(K) M(E) M(T) M(O) R(M->R) M(O) M(L) M(A) M(C)
KETNOLAC,KETOROLAC,internvl3_14b_hf,8,9,1,2,1,0,1,7,0.250000,0.222222,0.777778,M(K) M(E) M(T) I(O) R(N->R) M(O) M(L) M(A) M(C)
ABASAGLARC,ABASAGLAR,internvl3_14b_hf,10,9,-1,1,0,1,0,9,0.100000,0.111111,0.888889,M(A) M(B) M(A) M(S) M(A) M(G) M(L) M(A) M(R) D(C)
ABDSAGLARR,ABASAGLAR,internvl3_14b_hf,10,9,-1,2,0,1,1,8,0.200000,0.222222,0.777778,M(A) M(B) R(D->A) M(S) M(A) M(G) M(L) M(A) D(R) M(R)
ALBULEIN,ALBUTEIN,internvl3_14b_hf,8,8,0,1,0,0,1,7,0.125000,0.125000,0.875000,M(A) M(L) M(B) M(U) R(L->T) M(E) M(I) M(N)
TOSO,TOCO,internvl3_14b_hf,4,4,0,1,0,0,1,3,0.250000,0.250000,0.750000,M(T) M(O) R(S->C) M(O)
RIVOCIL,RIVOTRIL,internvl3_14b_hf,7,8,1,2,1,0,1,6,0.285714,0.250000,0.750000,M(R) M(I) M(V) M(O) I(T) R(C->R) M(I) M(L)
RIVAFLOXIN,RIVOTRIL,internvl3_14b_hf,10,8,-2,6,0,2,4,4,0.600000,0.750000,0.250000,M(R) M(I) M(V) D(A) D(F) R(L->O) R(O->T) R(X->R) M(I) R(N->L)
GLINA,GLINTA,internvl3_14b_hf,5,6,1,1,1,0,0,5,0.200000,0.166667,0.833333,M(G) M(L) M(I) M(N) I(T) M(A)
CINNARIZIN,MYOLAX,internvl3_14b_hf,10,6,-4,9,0,4,5,1,0.900000,1.500000,-0.500000,R(C->M) R(I->Y) R(N->O) R(N->L) M(A) D(R) D(I) D(Z) D(I) R(N->X)
MYLAX,MYOLAX,internvl3_14b_hf,5,6,1,1,1,0,0,5,0.200000,0.166667,0.833333,M(M) M(Y) I(O) M(L) M(A) M(X)
OSSIECA,OSSICA,internvl3_14b_hf,7,6,-1,1,0,1,0,6,0.142857,0.166667,0.833333,M(O) M(S) M(S) M(I) D(E) M(C) M(A)
AVDANCE,RIVO,internvl3_14b_hf,7,4,-3,7,0,3,4,0,1.000000,1.750000,-0.750000,D(A) D(V) D(D) R(A->R) R(N->I) R(C->V) R(E->O)
RINO,RIVO,internvl3_14b_hf,4,4,0,1,0,0,1,3,0.250000,0.250000,0.750000,M(R) M(I) R(N->V) M(O)
OSLOCYL,OSTOCAL,internvl3_14b_hf,7,7,0,2,0,0,2,5,0.285714,0.285714,0.714286,M(O) M(S) R(L->T) M(O) M(C) R(Y->A) M(L)
VIGOROX,VIGOREX,internvl3_1b_hf,7,7,0,1,0,0,1,6,0.142857,0.142857,0.857143,M(V) M(I) M(G) M(O) M(R) R(O->E) M(X)
VIZORAX,VIGOREX,internvl3_1b_hf,7,7,0,2,0,0,2,5,0.285714,0.285714,0.714286,M(V) M(I) R(Z->G) M(O) M(R) R(A->E) M(X)
RIFOFOL,RIVOTRIL,internvl3_1b_hf,7,8,1,4,1,0,3,4,0.571429,0.500000,0.500000,M(R) M(I) R(F->V) M(O) I(T) R(F->R) R(O->I) M(L)
RINOTMIL,RIVOTRIL,internvl3_1b_hf,8,8,0,2,0,0,2,6,0.250000,0.250000,0.750000,M(R) M(I) R(N->V) M(O) M(T) R(M->R) M(I) M(L)
VIGOR,VIGOREX,internvl3_1b_hf,5,7,2,2,2,0,0,5,0.400000,0.285714,0.714286,M(V) M(I) M(G) M(O) M(R) I(E) I(X)
RIVOMATIL,RIVOTRIL,internvl3_1b_hf,9,8,-1,3,0,1,2,6,0.333333,0.375000,0.625000,M(R) M(I) M(V) M(O) D(M) R(A->T) R(T->R) M(I) M(L)
LACTU,LACTO,internvl3_1b_hf,5,5,0,1,0,0,1,4,0.200000,0.200000,0.800000,M(L) M(A) M(C) M(T) R(U->O)
TETRASULF,TELFAST,internvl3_1b_hf,9,7,-2,5,0,2,3,4,0.555556,0.714286,0.285714,M(T) M(E) R(T->L) R(R->F) M(A) M(S) D(U) D(L) R(F->T)
RIVOMIL,RIVOTRIL,internvl3_1b_hf,7,8,1,2,1,0,1,6,0.285714,0.250000,0.750000,M(R) M(I) M(V) M(O) I(T) R(M->R) M(I) M(L)
LACTV,LACTO,internvl3_1b_hf,5,5,0,1,0,0,1,4,0.200000,0.200000,0.800000,M(L) M(A) M(C) M(T) R(V->O)
LAETU,LACTO,internvl3_1b_hf,5,5,0,2,0,0,2,3,0.400000,0.400000,0.600000,M(L) M(A) R(E->C) M(T) R(U->O)
RIVODRIN,RIVOTRIL,internvl3_1b_hf,8,8,0,2,0,0,2,6,0.250000,0.250000,0.750000,M(R) M(I) M(V) M(O) R(D->T) M(R) M(I) R(N->L)
CEFAXIME,CEFIXIME,internvl3_1b_hf,8,8,0,1,0,0,1,7,0.125000,0.125000,0.875000,M(C) M(E) M(F) R(A->I) M(X) M(I) M(M) M(E)
KETONOLAC,KETOROLAC,internvl3_1b_hf,9,9,0,1,0,0,1,8,0.111111,0.111111,0.888889,M(K) M(E) M(T) M(O) R(N->R) M(O) M(L) M(A) M(C)
PETRIDINE,PETHIDINE,internvl3_1b_hf,9,9,0,1,0,0,1,8,0.111111,0.111111,0.888889,M(P) M(E) M(T) R(R->H) M(I) M(D) M(I) M(N) M(E)
PETRADINE,PETHIDINE,internvl3_1b_hf,9,9,0,2,0,0,2,7,0.222222,0.222222,0.777778,M(P) M(E) M(T) R(R->H) R(A->I) M(D) M(I) M(N) M(E)
RIVOBHARIL,RIVOTRIL,internvl3_1b_hf,10,8,-2,3,0,2,1,7,0.300000,0.375000,0.625000,M(R) M(I) M(V) M(O) D(B) D(H) R(A->T) M(R) M(I) M(L)
LANTYR,LANTUS,internvl3_1b_hf,6,6,0,2,0,0,2,4,0.333333,0.333333,0.666667,M(L) M(A) M(N) M(T) R(Y->U) R(R->S)
LANPY,LANTUS,internvl3_1b_hf,5,6,1,3,1,0,2,3,0.600000,0.500000,0.500000,M(L) M(A) M(N) I(T) R(P->U) R(Y->S)
LAXIX,LASIX,internvl3_1b_hf,5,5,0,1,0,0,1,4,0.200000,0.200000,0.800000,M(L) M(A) R(X->S) M(I) M(X)
LANIX,LASIX,internvl3_1b_hf,5,5,0,1,0,0,1,4,0.200000,0.200000,0.800000,M(L) M(A) R(N->S) M(I) M(X)
NEITROSET,NEUROCET,internvl3_1b_hf,9,8,-1,3,0,1,2,6,0.333333,0.375000,0.625000,M(N) M(E) D(I) R(T->U) M(R) M(O) R(S->C) M(E) M(T)
KETOLAC,KETOROLAC,internvl3_1b_hf,7,9,2,2,2,0,0,7,0.285714,0.222222,0.777778,M(K) M(E) M(T) I(O) I(R) M(O) M(L) M(A) M(C)
ECFIXIM,CEFIXIME,internvl3_1b_hf,7,8,1,3,1,0,2,5,0.428571,0.375000,0.625000,R(E->C) R(C->E) M(F) M(I) M(X) M(I) M(M) I(E)
ABA SAGLAR,ABASAGLAR,internvl3_1b_hf,10,9,-1,1,0,1,0,9,0.100000,0.111111,0.888889,M(A) M(B) M(A) D( ) M(S) M(A) M(G) M(L) M(A) M(R)
KETOPROFEN,KETOROLAC,internvl3_1b_hf,10,9,-1,4,0,1,3,6,0.400000,0.444444,0.555556,M(K) M(E) M(T) M(O) D(P) M(R) M(O) R(F->L) R(E->A) R(N->C)
CLOROX,CLEXANE,internvl3_1b_hf,6,7,1,5,1,0,4,2,0.833333,0.714286,0.285714,M(C) M(L) I(E) R(O->X) R(R->A) R(O->N) R(X->E)
RIVOHUL,RIVOTRIL,internvl3_1b_hf,7,8,1,3,1,0,2,5,0.428571,0.375000,0.625000,M(R) M(I) M(V) M(O) I(T) R(H->R) R(U->I) M(L)
RIVOFOLOL,RIVOTRIL,internvl3_1b_hf,9,8,-1,4,0,1,3,5,0.444444,0.500000,0.500000,M(R) M(I) M(V) M(O) D(F) R(O->T) R(L->R) R(O->I) M(L)
OSTOCIL,OSTOCAL,internvl3_1b_hf,7,7,0,1,0,0,1,6,0.142857,0.142857,0.857143,M(O) M(S) M(T) M(O) M(C) R(I->A) M(L)
OSTOCD,OSTOCAL,internvl3_1b_hf,6,7,1,2,1,0,1,5,0.333333,0.285714,0.714286,M(O) M(S) M(T) M(O) M(C) I(A) R(D->L)
RNOVIAL,RIVOTRIL,internvl3_1b_hf,7,8,1,5,1,0,4,3,0.714286,0.625000,0.375000,M(R) I(I) R(N->V) M(O) R(V->T) R(I->R) R(A->I) M(L)
CINAMAIN,MYOLAX,internvl3_1b_hf,8,6,-2,7,0,2,5,1,0.875000,1.166667,-0.166667,D(C) R(I->M) R(N->Y) R(A->O) R(M->L) M(A) D(I) R(N->X)
ARDANCE,RIVO,internvl3_1b_hf,7,4,-3,6,0,3,3,1,0.857143,1.500000,-0.500000,D(A) M(R) D(D) D(A) R(N->I) R(C->V) R(E->O)
RINCO,RIVO,internvl3_1b_hf,5,4,-1,2,0,1,1,3,0.400000,0.500000,0.500000,M(R) M(I) D(N) R(C->V) M(O)
INDOXYL O,INDERAL,internvl3_1b_hf,9,7,-2,5,0,2,3,4,0.555556,0.714286,0.285714,M(I) M(N) M(D) R(O->E) R(X->R) R(Y->A) M(L) D( ) D(O)
CALBOMET,CELEBREX,internvl3_1b_hf,8,8,0,5,0,0,5,3,0.625000,0.625000,0.375000,M(C) R(A->E) M(L) R(B->E) R(O->B) R(M->R) M(E) R(T->X)
OSOCAR,OSTOCAL,internvl3_1b_hf,6,7,1,2,1,0,1,5,0.333333,0.285714,0.714286,M(O) M(S) I(T) M(O) M(C) M(A) R(R->L)
PROSEFT,PROGEST,internvl3_1b_hf,7,7,0,2,0,0,2,5,0.285714,0.285714,0.714286,M(P) M(R) M(O) R(S->G) M(E) R(F->S) M(T)
PIROBIL,RIVOTRIL,internvl3_8b_hf,7,8,1,4,1,0,3,4,0.571429,0.500000,0.500000,R(P->R) M(I) R(R->V) M(O) I(T) R(B->R) M(I) M(L)
LACTI,LACTO,internvl3_8b_hf,5,5,0,1,0,0,1,4,0.200000,0.200000,0.800000,M(L) M(A) M(C) M(T) R(I->O)
TEFAXATE,TELFAST,internvl3_8b_hf,8,7,-1,4,1,2,1,5,0.500000,0.571429,0.428571,M(T) M(E) I(L) M(F) M(A) D(X) R(A->S) M(T) D(E)
LACTT,LACTO,internvl3_8b_hf,5,5,0,1,0,0,1,4,0.200000,0.200000,0.800000,M(L) M(A) M(C) M(T) R(T->O)
CEFAZIME,CEFIXIME,internvl3_8b_hf,8,8,0,2,0,0,2,6,0.250000,0.250000,0.750000,M(C) M(E) M(F) R(A->I) R(Z->X) M(I) M(M) M(E)
ABASAGLAK,ABASAGLAR,internvl3_8b_hf,9,9,0,1,0,0,1,8,0.111111,0.111111,0.888889,M(A) M(B) M(A) M(S) M(A) M(G) M(L) M(A) R(K->R)
KETONOLAC,KETOROLAC,internvl3_8b_hf,9,9,0,1,0,0,1,8,0.111111,0.111111,0.888889,M(K) M(E) M(T) M(O) R(N->R) M(O) M(L) M(A) M(C)
PETRIDINE,PETHIDINE,internvl3_8b_hf,9,9,0,1,0,0,1,8,0.111111,0.111111,0.888889,M(P) M(E) M(T) R(R->H) M(I) M(D) M(I) M(N) M(E)
PETWCLINE,PETHIDINE,internvl3_8b_hf,9,9,0,3,0,0,3,6,0.333333,0.333333,0.666667,M(P) M(E) M(T) R(W->H) R(C->I) R(L->D) M(I) M(N) M(E)
LAMIX,LASIX,internvl3_8b_hf,5,5,0,1,0,0,1,4,0.200000,0.200000,0.800000,M(L) M(A) R(M->S) M(I) M(X)
LOMIX,LASIX,internvl3_8b_hf,5,5,0,2,0,0,2,3,0.400000,0.400000,0.600000,M(L) R(O->A) R(M->S) M(I) M(X)
ECFIXIM,CEFIXIME,internvl3_8b_hf,7,8,1,3,1,0,2,5,0.428571,0.375000,0.625000,R(E->C) R(C->E) M(F) M(I) M(X) M(I) M(M) I(E)
CEFTRIAXONE,CEFIXIME,internvl3_8b_hf,11,8,-3,5,0,3,2,6,0.454545,0.625000,0.375000,M(C) M(E) M(F) D(T) D(R) M(I) D(A) M(X) R(O->I) R(N->M) M(E)
AVASADLAR,ABASAGLAR,internvl3_8b_hf,9,9,0,2,0,0,2,7,0.222222,0.222222,0.777778,M(A) R(V->B) M(A) M(S) M(A) R(D->G) M(L) M(A) M(R)
ABDSAQLAR,ABASAGLAR,internvl3_8b_hf,9,9,0,2,0,0,2,7,0.222222,0.222222,0.777778,M(A) M(B) R(D->A) M(S) M(A) R(Q->G) M(L) M(A) M(R)
CLEIXANE,CLEXANE,internvl3_8b_hf,8,7,-1,1,0,1,0,7,0.125000,0.142857,0.857143,M(C) M(L) M(E) D(I) M(X) M(A) M(N) M(E)
TOSO,TOCO,internvl3_8b_hf,4,4,0,1,0,0,1,3,0.250000,0.250000,0.750000,M(T) M(O) R(S->C) M(O)
RIVOHIL,RIVOTRIL,internvl3_8b_hf,7,8,1,2,1,0,1,6,0.285714,0.250000,0.750000,M(R) M(I) M(V) M(O) I(T) R(H->R) M(I) M(L)
MYOLAXO,MYOLAX,internvl3_8b_hf,7,6,-1,1,0,1,0,6,0.142857,0.166667,0.833333,M(M) M(Y) M(O) M(L) M(A) M(X) D(O)
RIVOFINIL,RIVOTRIL,internvl3_8b_hf,9,8,-1,3,0,1,2,6,0.333333,0.375000,0.625000,M(R) M(I) M(V) M(O) D(F) R(I->T) R(N->R) M(I) M(L)
OSTOCIN,OSTOCAL,internvl3_8b_hf,7,7,0,2,0,0,2,5,0.285714,0.285714,0.714286,M(O) M(S) M(T) M(O) M(C) R(I->A) R(N->L)
OSTOCAD,OSTOCAL,internvl3_8b_hf,7,7,0,1,0,0,1,6,0.142857,0.142857,0.857143,M(O) M(S) M(T) M(O) M(C) M(A) R(D->L)
CEPAMPLUS,MYOLAX,internvl3_8b_hf,9,6,-3,8,0,3,5,1,0.888889,1.333333,-0.333333,D(C) D(E) D(P) R(A->M) R(M->Y) R(P->O) M(L) R(U->A) R(S->X)
ARDANCE,RIVO,internvl3_8b_hf,7,4,-3,6,0,3,3,1,0.857143,1.500000,-0.500000,D(A) M(R) D(D) D(A) R(N->I) R(C->V) R(E->O)
RIWO,RIVO,internvl3_8b_hf,4,4,0,1,0,0,1,3,0.250000,0.250000,0.750000,M(R) M(I) R(W->V) M(O)
OSMOL,OSTOCAL,internvl3_8b_hf,5,7,2,3,2,0,1,4,0.600000,0.428571,0.571429,M(O) M(S) R(M->T) M(O) I(C) I(A) M(L)
RICOHIL,RIVOTRIL,llava_onevision_qwen2_05b_ov,7,8,1,3,1,0,2,5,0.428571,0.375000,0.625000,M(R) M(I) R(C->V) M(O) I(T) R(H->R) M(I) M(L)
RIVIO,RIVOTRIL,llava_onevision_qwen2_05b_ov,5,8,3,4,3,0,1,4,0.800000,0.500000,0.500000,M(R) M(I) M(V) I(O) I(T) I(R) M(I) R(O->L)
LACTU,LACTO,llava_onevision_qwen2_05b_ov,5,5,0,1,0,0,1,4,0.200000,0.200000,0.800000,M(L) M(A) M(C) M(T) R(U->O)
RIVOKIL,RIVOTRIL,llava_onevision_qwen2_05b_ov,7,8,1,2,1,0,1,6,0.285714,0.250000,0.750000,M(R) M(I) M(V) M(O) I(T) R(K->R) M(I) M(L)
LACT,LACTO,llava_onevision_qwen2_05b_ov,4,5,1,1,1,0,0,4,0.250000,0.200000,0.800000,M(L) M(A) M(C) M(T) I(O)
LAE,LACTO,llava_onevision_qwen2_05b_ov,3,5,2,3,2,0,1,2,1.000000,0.600000,0.400000,M(L) M(A) I(C) I(T) R(E->O)
RIV,RIVOTRIL,llava_onevision_qwen2_05b_ov,3,8,5,5,5,0,0,3,1.666667,0.625000,0.375000,M(R) M(I) M(V) I(O) I(T) I(R) I(I) I(L)
KETO RDGO,KETOROLAC,llava_onevision_qwen2_05b_ov,9,9,0,5,0,0,5,4,0.555556,0.555556,0.444444,M(K) M(E) M(T) M(O) R( ->R) R(R->O) R(D->L) R(G->A) R(O->C)
ABA SGGLAR,ABASAGLAR,llava_onevision_qwen2_05b_ov,10,9,-1,2,0,1,1,8,0.200000,0.222222,0.777778,M(A) M(B) M(A) D( ) M(S) R(G->A) M(G) M(L) M(A) M(R)
KUTOROLAC,KETOROLAC,llava_onevision_qwen2_05b_ov,9,9,0,1,0,0,1,8,0.111111,0.111111,0.888889,M(K) R(U->E) M(T) M(O) M(R) M(O) M(L) M(A) M(C)
PFIZER,PETHIDINE,llava_onevision_qwen2_05b_ov,6,9,3,7,3,0,4,2,1.166667,0.777778,0.222222,M(P) I(E) I(T) R(F->H) M(I) I(D) R(Z->I) R(E->N) R(R->E)
RIVOTIL,RIVOTRIL,llava_onevision_qwen2_05b_ov,7,8,1,1,1,0,0,7,0.142857,0.125000,0.875000,M(R) M(I) M(V) M(O) M(T) I(R) M(I) M(L)
ENLEACAVIN,ENTECAVIR,llava_onevision_qwen2_05b_ov,10,9,-1,3,0,1,2,7,0.300000,0.333333,0.666667,M(E) M(N) R(L->T) M(E) D(A) M(C) M(A) M(V) M(I) R(N->R)
LAXIX,LASIX,llava_onevision_qwen2_05b_ov,5,5,0,1,0,0,1,4,0.200000,0.200000,0.800000,M(L) M(A) R(X->S) M(I) M(X)
LACTOSE,LASIX,llava_onevision_qwen2_05b_ov,7,5,-2,5,0,2,3,2,0.714286,1.000000,0.000000,M(L) M(A) D(C) D(T) R(O->S) R(S->I) R(E->X)
LAMIX,LASIX,llava_onevision_qwen2_05b_ov,5,5,0,1,0,0,1,4,0.200000,0.200000,0.800000,M(L) M(A) R(M->S) M(I) M(X)
NEUROTROPHIC,NEUROCET,llava_onevision_qwen2_05b_ov,12,8,-4,7,0,4,3,5,0.583333,0.875000,0.125000,M(N) M(E) M(U) D(R) D(O) D(T) M(R) M(O) D(P) R(H->C) R(I->E) R(C->T)
KEONOOL,KETOROLAC,llava_onevision_qwen2_05b_ov,7,9,2,5,2,0,3,4,0.714286,0.555556,0.444444,M(K) M(E) I(T) M(O) R(N->R) M(O) I(L) R(O->A) R(L->C)
KETONES,KETOROLAC,llava_onevision_qwen2_05b_ov,7,9,2,5,2,0,3,4,0.714286,0.555556,0.444444,M(K) M(E) M(T) I(O) I(R) M(O) R(N->L) R(E->A) R(S->C)
KETO REDADO,KETOROLAC,llava_onevision_qwen2_05b_ov,11,9,-2,5,0,2,3,6,0.454545,0.555556,0.444444,M(K) M(E) M(T) M(O) D( ) M(R) R(E->O) R(D->L) M(A) D(D) R(O->C)
ABUNDANT,IBUPROFEN,llava_onevision_qwen2_05b_ov,8,9,1,7,1,0,6,2,0.875000,0.777778,0.222222,R(A->I) M(B) M(U) I(P) R(N->R) R(D->O) R(A->F) R(N->E) R(T->N)
REFORD,KETOROLAC,llava_onevision_qwen2_05b_ov,6,9,3,6,3,0,3,3,1.000000,0.666667,0.333333,R(R->K) M(E) R(F->T) M(O) M(R) I(O) I(L) I(A) R(D->C)
KETOPROFEN,KETOROLAC,llava_onevision_qwen2_05b_ov,10,9,-1,4,0,1,3,6,0.400000,0.444444,0.555556,M(K) M(E) M(T) M(O) D(P) M(R) M(O) R(F->L) R(E->A) R(N->C)
ABASAGHAR,ABASAGLAR,llava_onevision_qwen2_05b_ov,9,9,0,1,0,0,1,8,0.111111,0.111111,0.888889,M(A) M(B) M(A) M(S) M(A) M(G) R(H->L) M(A) M(R)
ABDSOGOG LAY,ABASAGLAR,llava_onevision_qwen2_05b_ov,12,9,-3,6,0,3,3,6,0.500000,0.666667,0.333333,M(A) M(B) R(D->A) M(S) D(O) D(G) R(O->A) M(G) D( ) M(L) M(A) R(Y->R)
ALBUEIN,ALBUTEIN,llava_onevision_qwen2_05b_ov,7,8,1,1,1,0,0,7,0.142857,0.125000,0.875000,M(A) M(L) M(B) M(U) I(T) M(E) M(I) M(N)
LEXANE,CLEXANE,llava_onevision_qwen2_05b_ov,6,7,1,1,1,0,0,6,0.166667,0.142857,0.857143,I(C) M(L) M(E) M(X) M(A) M(N) M(E)
RIVOTRIGL,RIVOTRIL,llava_onevision_qwen2_05b_ov,9,8,-1,1,0,1,0,8,0.111111,0.125000,0.875000,M(R) M(I) M(V) M(O) M(T) M(R) M(I) D(G) M(L)
MIYOKO,MYOLAX,llava_onevision_qwen2_05b_ov,6,6,0,4,1,1,2,3,0.666667,0.666667,0.333333,M(M) D(I) M(Y) M(O) I(L) R(K->A) R(O->X)
GLNTA,GLINTA,llava_onevision_qwen2_05b_ov,5,6,1,1,1,0,0,5,0.200000,0.166667,0.833333,M(G) M(L) I(I) M(N) M(T) M(A)
OSTEOL,OSTOCAL,llava_onevision_qwen2_05b_ov,6,7,1,3,1,0,2,4,0.500000,0.428571,0.571429,M(O) M(S) M(T) I(O) R(E->C) R(O->A) M(L)
MYLOX,MYOLAX,llava_onevision_qwen2_05b_ov,5,6,1,2,1,0,1,4,0.400000,0.333333,0.666667,M(M) M(Y) I(O) M(L) R(O->A) M(X)
RIVOTRI,RIVOTRIL,llava_onevision_qwen2_05b_ov,7,8,1,1,1,0,0,7,0.142857,0.125000,0.875000,M(R) M(I) M(V) M(O) M(T) M(R) M(I) I(L)
GRAPE PLUS,MYOLAX,llava_onevision_qwen2_05b_ov,10,6,-4,9,0,4,5,1,0.900000,1.500000,-0.500000,D(G) D(R) D(A) D(P) R(E->M) R( ->Y) R(P->O) M(L) R(U->A) R(S->X)
RIVITAM,RIVOTRIL,llava_onevision_qwen2_05b_ov,7,8,1,4,1,0,3,4,0.571429,0.500000,0.500000,M(R) M(I) M(V) R(I->O) M(T) I(R) R(A->I) R(M->L)
KETOM,KATOMOR,llava_onevision_qwen2_05b_ov,5,7,2,3,2,0,1,4,0.600000,0.428571,0.571429,M(K) R(E->A) M(T) M(O) M(M) I(O) I(R)
ARDAN,RIVO,llava_onevision_qwen2_05b_ov,5,4,-1,4,0,1,3,1,0.800000,1.000000,0.000000,D(A) M(R) R(D->I) R(A->V) R(N->O)
RIO,RIVO,llava_onevision_qwen2_05b_ov,3,4,1,1,1,0,0,3,0.333333,0.250000,0.750000,M(R) M(I) I(V) M(O)
INDULGENCE,INDERAL,llava_onevision_qwen2_05b_ov,10,7,-3,6,0,3,3,4,0.600000,0.857143,0.142857,M(I) M(N) M(D) D(U) D(L) D(G) M(E) R(N->R) R(C->A) R(E->L)
CELLULOSE,CELEBREX,llava_onevision_qwen2_05b_ov,9,8,-1,6,0,1,5,3,0.666667,0.750000,0.250000,M(C) M(E) D(L) M(L) R(U->E) R(L->B) R(O->R) R(S->E) R(E->X)
OSMOL,OSTOCAL,llava_onevision_qwen2_05b_ov,5,7,2,3,2,0,1,4,0.600000,0.428571,0.571429,M(O) M(S) R(M->T) M(O) I(C) I(A) M(L)
VIAGRA,VIGOREX,llava_onevision_qwen2_7b_ov_hf,6,7,1,4,1,0,3,3,0.666667,0.571429,0.428571,M(V) M(I) R(A->G) R(G->O) M(R) I(E) R(A->X)
FIGORTEX,VIGOREX,llava_onevision_qwen2_7b_ov_hf,8,7,-1,2,0,1,1,6,0.250000,0.285714,0.714286,R(F->V) M(I) M(G) M(O) M(R) D(T) M(E) M(X)
RIVAROXABAN,RIVOTRIL,llava_onevision_qwen2_7b_ov_hf,11,8,-3,7,0,3,4,4,0.636364,0.875000,0.125000,M(R) M(I) M(V) D(A) D(R) M(O) D(X) R(A->T) R(B->R) R(A->I) R(N->L)
LACTU,LACTO,llava_onevision_qwen2_7b_ov_hf,5,5,0,1,0,0,1,4,0.200000,0.200000,0.800000,M(L) M(A) M(C) M(T) R(U->O)
TELAFAS,TELFAST,llava_onevision_qwen2_7b_ov_hf,7,7,0,2,1,1,0,6,0.285714,0.285714,0.714286,M(T) M(E) M(L) D(A) M(F) M(A) M(S) I(T)
RIVAROXABAN,RIVO,llava_onevision_qwen2_7b_ov_hf,11,4,-7,7,0,7,0,4,0.636364,1.750000,-0.750000,M(R) M(I) M(V) D(A) D(R) M(O) D(X) D(A) D(B) D(A) D(N)
LACTULOSE,LACTO,llava_onevision_qwen2_7b_ov_hf,9,5,-4,4,0,4,0,5,0.444444,0.800000,0.200000,M(L) M(A) M(C) M(T) D(U) D(L) M(O) D(S) D(E)
MYLOPOTAMIA,MYOLAX,llava_onevision_qwen2_7b_ov_hf,11,6,-5,7,0,5,2,4,0.636364,1.166667,-0.166667,M(M) M(Y) D(L) D(O) D(P) M(O) R(T->L) M(A) D(M) D(I) R(A->X)
KETOCONAZOLE,KETOROLAC,llava_onevision_qwen2_7b_ov_hf,12,9,-3,6,0,3,3,6,0.500000,0.666667,0.333333,M(K) M(E) M(T) M(O) R(C->R) M(O) R(N->L) M(A) D(Z) D(O) D(L) R(E->C)
CEFTRIAXONE,CEFIXIME,llava_onevision_qwen2_7b_ov_hf,11,8,-3,5,0,3,2,6,0.454545,0.625000,0.375000,M(C) M(E) M(F) D(T) D(R) M(I) D(A) M(X) R(O->I) R(N->M) M(E)
KETONOLAC,KETOROLAC,llava_onevision_qwen2_7b_ov_hf,9,9,0,1,0,0,1,8,0.111111,0.111111,0.888889,M(K) M(E) M(T) M(O) R(N->R) M(O) M(L) M(A) M(C)
PETRIDENE,PETHIDINE,llava_onevision_qwen2_7b_ov_hf,9,9,0,2,0,0,2,7,0.222222,0.222222,0.777778,M(P) M(E) M(T) R(R->H) M(I) M(D) R(E->I) M(N) M(E)
PETTICOAT,PETHIDINE,llava_onevision_qwen2_7b_ov_hf,9,9,0,5,0,0,5,4,0.555556,0.555556,0.444444,M(P) M(E) M(T) R(T->H) M(I) R(C->D) R(O->I) R(A->N) R(T->E)
ENECAVIR,ENTECAVIR,llava_onevision_qwen2_7b_ov_hf,8,9,1,1,1,0,0,8,0.125000,0.111111,0.888889,M(E) M(N) I(T) M(E) M(C) M(A) M(V) M(I) M(R)
LANSOPRAZOLE,LANTUS,llava_onevision_qwen2_7b_ov_hf,12,6,-6,9,0,6,3,3,0.750000,1.500000,-0.500000,M(L) M(A) M(N) D(S) D(O) D(P) D(R) D(A) D(Z) R(O->T) R(L->U) R(E->S)
LANIX,LASIX,llava_onevision_qwen2_7b_ov_hf,5,5,0,1,0,0,1,4,0.200000,0.200000,0.800000,M(L) M(A) R(N->S) M(I) M(X)
LADIX,LASIX,llava_onevision_qwen2_7b_ov_hf,5,5,0,1,0,0,1,4,0.200000,0.200000,0.800000,M(L) M(A) R(D->S) M(I) M(X)
LAMIX,LASIX,llava_onevision_qwen2_7b_ov_hf,5,5,0,1,0,0,1,4,0.200000,0.200000,0.800000,M(L) M(A) R(M->S) M(I) M(X)
NEURONTIN,NEUROCET,llava_onevision_qwen2_7b_ov_hf,9,8,-1,4,0,1,3,5,0.444444,0.500000,0.500000,M(N) M(E) M(U) M(R) M(O) D(N) R(T->C) R(I->E) R(N->T)
KETOMOLAC,KETOROLAC,llava_onevision_qwen2_7b_ov_hf,9,9,0,1,0,0,1,8,0.111111,0.111111,0.888889,M(K) M(E) M(T) M(O) R(M->R) M(O) M(L) M(A) M(C)
KETONOLACTONE,KETOROLAC,llava_onevision_qwen2_7b_ov_hf,13,9,-4,5,0,4,1,8,0.384615,0.555556,0.444444,M(K) M(E) M(T) M(O) R(N->R) M(O) M(L) M(A) M(C) D(T) D(O) D(N) D(E)
KLOROZOLE,KETOROLAC,llava_onevision_qwen2_7b_ov_hf,9,9,0,6,1,1,4,4,0.666667,0.666667,0.333333,M(K) I(E) R(L->T) M(O) M(R) M(O) D(Z) R(O->L) R(L->A) R(E->C)
CEFACLOR,CEFIXIME,llava_onevision_qwen2_7b_ov_hf,8,8,0,5,0,0,5,3,0.625000,0.625000,0.375000,M(C) M(E) M(F) R(A->I) R(C->X) R(L->I) R(O->M) R(R->E)
ABUPROFEN,IBUPROFEN,llava_onevision_qwen2_7b_ov_hf,9,9,0,1,0,0,1,8,0.111111,0.111111,0.888889,R(A->I) M(B) M(U) M(P) M(R) M(O) M(F) M(E) M(N)
KEFON,KETOROLAC,llava_onevision_qwen2_7b_ov_hf,5,9,4,6,4,0,2,3,1.200000,0.666667,0.333333,M(K) M(E) I(T) I(O) R(F->R) M(O) I(L) I(A) R(N->C)
ABANA,ABASAGLAR,llava_onevision_qwen2_7b_ov_hf,5,9,4,5,4,0,1,4,1.000000,0.555556,0.444444,M(A) M(B) I(A) I(S) M(A) I(G) R(N->L) M(A) I(R)
ABDUSONG LAR,ABASAGLAR,llava_onevision_qwen2_7b_ov_hf,12,9,-3,5,0,3,2,7,0.416667,0.555556,0.444444,M(A) M(B) D(D) R(U->A) M(S) D(O) R(N->A) M(G) D( ) M(L) M(A) M(R)
CLARANE,CLEXANE,llava_onevision_qwen2_7b_ov_hf,7,7,0,2,0,0,2,5,0.285714,0.285714,0.714286,M(C) M(L) R(A->E) R(R->X) M(A) M(N) M(E)
ALBUTEROL,ALBUTEIN,llava_onevision_qwen2_7b_ov_hf,9,8,-1,3,0,1,2,6,0.333333,0.375000,0.625000,M(A) M(L) M(B) M(U) M(T) M(E) D(R) R(O->I) R(L->N)
MYOLANA,MYOLAX,llava_onevision_qwen2_7b_ov_hf,7,6,-1,2,0,1,1,5,0.285714,0.333333,0.666667,M(M) M(Y) M(O) M(L) M(A) D(N) R(A->X)
GLUTAMATERGIC,GLINTA,llava_onevision_qwen2_7b_ov_hf,13,6,-7,10,0,7,3,3,0.769231,1.666667,-0.666667,M(G) M(L) D(U) D(T) D(A) R(M->I) R(A->N) M(T) D(E) D(R) D(G) D(I) R(C->A)
OSTACUR,OSTOCAL,llava_onevision_qwen2_7b_ov_hf,7,7,0,3,0,0,3,4,0.428571,0.428571,0.571429,M(O) M(S) M(T) R(A->O) M(C) R(U->A) R(R->L)
MAYO LAX,MYOLAX,llava_onevision_qwen2_7b_ov_hf,8,6,-2,2,0,2,0,6,0.250000,0.333333,0.666667,M(M) D(A) M(Y) M(O) D( ) M(L) M(A) M(X)
RIVOTTIA,RIVOTRIL,llava_onevision_qwen2_7b_ov_hf,8,8,0,2,0,0,2,6,0.250000,0.250000,0.750000,M(R) M(I) M(V) M(O) M(T) R(T->R) M(I) R(A->L)
CENZYA,MYOLAX,llava_onevision_qwen2_7b_ov_hf,6,6,0,6,0,0,6,0,1.000000,1.000000,0.000000,R(C->M) R(E->Y) R(N->O) R(Z->L) R(Y->A) R(A->X)
OSSETIA,OSSICA,llava_onevision_qwen2_7b_ov_hf,7,6,-1,3,0,1,2,4,0.428571,0.500000,0.500000,M(O) M(S) M(S) D(E) R(T->I) R(I->C) M(A)
KETAMINE,KATOMOR,llava_onevision_qwen2_7b_ov_hf,8,7,-1,5,0,1,4,3,0.625000,0.714286,0.285714,M(K) R(E->A) M(T) R(A->O) M(M) D(I) R(N->O) R(E->R)
ARYADE,RIVO,llava_onevision_qwen2_7b_ov_hf,6,4,-2,5,0,2,3,1,0.833333,1.250000,-0.250000,D(A) M(R) D(Y) R(A->I) R(D->V) R(E->O)
INDOMETHACIN,INDERAL,llava_onevision_qwen2_7b_ov_hf,12,7,-5,7,0,5,2,5,0.583333,1.000000,0.000000,M(I) M(N) M(D) D(O) D(M) M(E) D(T) R(H->R) M(A) D(C) D(I) R(N->L)
VIGOX,VIGOREX,llava_onevision_qwen2_7b_ov_hf,5,7,2,2,2,0,0,5,0.400000,0.285714,0.714286,M(V) M(I) M(G) M(O) I(R) I(E) M(X)
CALLISIA,CELEBREX,llava_onevision_qwen2_7b_ov_hf,8,8,0,6,0,0,6,2,0.750000,0.750000,0.250000,M(C) R(A->E) M(L) R(L->E) R(I->B) R(S->R) R(I->E) R(A->X)
OSCAR,OSTOCAL,llava_onevision_qwen2_7b_ov_hf,5,7,2,3,2,0,1,4,0.600000,0.428571,0.571429,M(O) M(S) I(T) I(O) M(C) M(A) R(R->L)
PROZAC,PROGEST,llava_onevision_qwen2_7b_ov_hf,6,7,1,4,1,0,3,3,0.666667,0.571429,0.428571,M(P) M(R) M(O) I(G) R(Z->E) R(A->S) R(C->T)
VIGORE,VIGOREX,minicpm_v_46,6,7,1,1,1,0,0,6,0.166667,0.142857,0.857143,M(V) M(I) M(G) M(O) M(R) M(E) I(X)
RIFAMPIN,RIVOTRIL,minicpm_v_46,8,8,0,5,0,0,5,3,0.625000,0.625000,0.375000,M(R) M(I) R(F->V) R(A->O) R(M->T) R(P->R) M(I) R(N->L)
VIGOREP,VIGOREX,minicpm_v_46,7,7,0,1,0,0,1,6,0.142857,0.142857,0.857143,M(V) M(I) M(G) M(O) M(R) M(E) R(P->X)
RIVOLMIL,RIVOTRIL,minicpm_v_46,8,8,0,2,0,0,2,6,0.250000,0.250000,0.750000,M(R) M(I) M(V) M(O) R(L->T) R(M->R) M(I) M(L)
RIVOCIN,RIVOTRIL,minicpm_v_46,7,8,1,3,1,0,2,5,0.428571,0.375000,0.625000,M(R) M(I) M(V) M(O) I(T) R(C->R) M(I) R(N->L)
LACUT,LACTO,minicpm_v_46,5,5,0,2,0,0,2,3,0.400000,0.400000,0.600000,M(L) M(A) M(C) R(U->T) R(T->O)
TELFARA,TELFAST,minicpm_v_46,7,7,0,2,0,0,2,5,0.285714,0.285714,0.714286,M(T) M(E) M(L) M(F) M(A) R(R->S) R(A->T)
RIVOPHIL,RIVOTRIL,minicpm_v_46,8,8,0,2,0,0,2,6,0.250000,0.250000,0.750000,M(R) M(I) M(V) M(O) R(P->T) R(H->R) M(I) M(L)
LACTU,LACTO,minicpm_v_46,5,5,0,1,0,0,1,4,0.200000,0.200000,0.800000,M(L) M(A) M(C) M(T) R(U->O)
LACETUM,LACTO,minicpm_v_46,7,5,-2,3,0,2,1,4,0.428571,0.600000,0.400000,M(L) M(A) M(C) D(E) M(T) D(U) R(M->O)
RIVODRIN,RIVOTRIL,minicpm_v_46,8,8,0,2,0,0,2,6,0.250000,0.250000,0.750000,M(R) M(I) M(V) M(O) R(D->T) M(R) M(I) R(N->L)
KETODEXTRO,KETOROLAC,minicpm_v_46,10,9,-1,6,0,1,5,4,0.600000,0.666667,0.333333,M(K) M(E) M(T) M(O) D(D) R(E->R) R(X->O) R(T->L) R(R->A) R(O->C)
CEFAXIME,CEFIXIME,minicpm_v_46,8,8,0,1,0,0,1,7,0.125000,0.125000,0.875000,M(C) M(E) M(F) R(A->I) M(X) M(I) M(M) M(E)
ABA SAGLARC,ABASAGLAR,minicpm_v_46,11,9,-2,2,0,2,0,9,0.181818,0.222222,0.777778,M(A) M(B) M(A) D( ) M(S) M(A) M(G) M(L) M(A) M(R) D(C)
KETONALAC,KETOROLAC,minicpm_v_46,9,9,0,2,0,0,2,7,0.222222,0.222222,0.777778,M(K) M(E) M(T) M(O) R(N->R) R(A->O) M(L) M(A) M(C)
PETRIDINE,PETHIDINE,minicpm_v_46,9,9,0,1,0,0,1,8,0.111111,0.111111,0.888889,M(P) M(E) M(T) R(R->H) M(I) M(D) M(I) M(N) M(E)
KITOROLAC,KETOROLAC,minicpm_v_46,9,9,0,1,0,0,1,8,0.111111,0.111111,0.888889,M(K) R(I->E) M(T) M(O) M(R) M(O) M(L) M(A) M(C)
PETTWINI,PETHIDINE,minicpm_v_46,8,9,1,4,1,0,3,5,0.500000,0.444444,0.555556,M(P) M(E) M(T) I(H) R(T->I) R(W->D) M(I) M(N) R(I->E)
RIVOLTIL,RIVOTRIL,minicpm_v_46,8,8,0,2,0,0,2,6,0.250000,0.250000,0.750000,M(R) M(I) M(V) M(O) R(L->T) R(T->R) M(I) M(L)
KETONOLAC,KETOROLAC,minicpm_v_46,9,9,0,1,0,0,1,8,0.111111,0.111111,0.888889,M(K) M(E) M(T) M(O) R(N->R) M(O) M(L) M(A) M(C)
RIVOCICLIN,RIVOTRIL,minicpm_v_46,10,8,-2,5,0,2,3,5,0.500000,0.625000,0.375000,M(R) M(I) M(V) M(O) D(C) D(I) R(C->T) R(L->R) M(I) R(N->L)
ENLECAVIN,ENTECAVIR,minicpm_v_46,9,9,0,2,0,0,2,7,0.222222,0.222222,0.777778,M(E) M(N) R(L->T) M(E) M(C) M(A) M(V) M(I) R(N->R)
LANUS,LANTUS,minicpm_v_46,5,6,1,1,1,0,0,5,0.200000,0.166667,0.833333,M(L) M(A) M(N) I(T) M(U) M(S)
LAXIX,LASIX,minicpm_v_46,5,5,0,1,0,0,1,4,0.200000,0.200000,0.800000,M(L) M(A) R(X->S) M(I) M(X)
LAUSIX,LASIX,minicpm_v_46,6,5,-1,1,0,1,0,5,0.166667,0.200000,0.800000,M(L) M(A) D(U) M(S) M(I) M(X)
LAMIX,LASIX,minicpm_v_46,5,5,0,1,0,0,1,4,0.200000,0.200000,0.800000,M(L) M(A) R(M->S) M(I) M(X)
NEUROLET,NEUROCET,minicpm_v_46,8,8,0,1,0,0,1,7,0.125000,0.125000,0.875000,M(N) M(E) M(U) M(R) M(O) R(L->C) M(E) M(T)
KETONOLAE,KETOROLAC,minicpm_v_46,9,9,0,2,0,0,2,7,0.222222,0.222222,0.777778,M(K) M(E) M(T) M(O) R(N->R) M(O) M(L) M(A) R(E->C)
KETOLIDE,KETOROLAC,minicpm_v_46,8,9,1,5,1,0,4,4,0.625000,0.555556,0.444444,M(K) M(E) M(T) M(O) I(R) R(L->O) R(I->L) R(D->A) R(E->C)
LECITHIN,CEFIXIME,minicpm_v_46,8,8,0,6,0,0,6,2,0.750000,0.750000,0.250000,R(L->C) M(E) R(C->F) M(I) R(T->X) R(H->I) R(I->M) R(N->E)
KETODOLAC,KETOROLAC,minicpm_v_46,9,9,0,1,0,0,1,8,0.111111,0.111111,0.888889,M(K) M(E) M(T) M(O) R(D->R) M(O) M(L) M(A) M(C)
ALBA SAGLARC,ABASAGLAR,minicpm_v_46,12,9,-3,3,0,3,0,9,0.250000,0.333333,0.666667,M(A) D(L) M(B) M(A) D( ) M(S) M(A) M(G) M(L) M(A) M(R) D(C)
KETONALA,KETOROLAC,minicpm_v_46,8,9,1,3,1,0,2,6,0.375000,0.333333,0.666667,M(K) M(E) M(T) M(O) R(N->R) R(A->O) M(L) M(A) I(C)
ABUPROFEN,IBUPROFEN,minicpm_v_46,9,9,0,1,0,0,1,8,0.111111,0.111111,0.888889,R(A->I) M(B) M(U) M(P) M(R) M(O) M(F) M(E) M(N)
KETONALAE,KETOROLAC,minicpm_v_46,9,9,0,3,0,0,3,6,0.333333,0.333333,0.666667,M(K) M(E) M(T) M(O) R(N->R) R(A->O) M(L) M(A) R(E->C)
ABASAGILAR,ABASAGLAR,minicpm_v_46,10,9,-1,1,0,1,0,9,0.100000,0.111111,0.888889,M(A) M(B) M(A) M(S) M(A) M(G) D(I) M(L) M(A) M(R)
ABASAGALAR,ABASAGLAR,minicpm_v_46,10,9,-1,1,0,1,0,9,0.100000,0.111111,0.888889,M(A) M(B) M(A) M(S) M(A) M(G) D(A) M(L) M(A) M(R)
CLAXANE,CLEXANE,minicpm_v_46,7,7,0,1,0,0,1,6,0.142857,0.142857,0.857143,M(C) M(L) R(A->E) M(X) M(A) M(N) M(E)
ALBUSEIN,ALBUTEIN,minicpm_v_46,8,8,0,1,0,0,1,7,0.125000,0.125000,0.875000,M(A) M(L) M(B) M(U) R(S->T) M(E) M(I) M(N)
TOC,TOCO,minicpm_v_46,3,4,1,1,1,0,0,3,0.333333,0.250000,0.750000,M(T) M(O) M(C) I(O)
RIVOHCL,RIVOTRIL,minicpm_v_46,7,8,1,3,1,0,2,5,0.428571,0.375000,0.625000,M(R) M(I) M(V) M(O) I(T) R(H->R) R(C->I) M(L)
MYOLAP,MYOLAX,minicpm_v_46,6,6,0,1,0,0,1,5,0.166667,0.166667,0.833333,M(M) M(Y) M(O) M(L) M(A) R(P->X)
RIVOFLURAL,RIVOTRIL,minicpm_v_46,10,8,-2,4,0,2,2,6,0.400000,0.500000,0.500000,M(R) M(I) M(V) M(O) D(F) D(L) R(U->T) M(R) R(A->I) M(L)
MYLOLAX,MYOLAX,minicpm_v_46,7,6,-1,1,0,1,0,6,0.142857,0.166667,0.833333,M(M) M(Y) D(L) M(O) M(L) M(A) M(X)
OSTOCAD,OSTOCAL,minicpm_v_46,7,7,0,1,0,0,1,6,0.142857,0.142857,0.857143,M(O) M(S) M(T) M(O) M(C) M(A) R(D->L)
RIVOTAI,RIVOTRIL,minicpm_v_46,7,8,1,2,1,0,1,6,0.285714,0.250000,0.750000,M(R) M(I) M(V) M(O) M(T) R(A->R) M(I) I(L)
CIRCUMPLU,MYOLAX,minicpm_v_46,9,6,-3,9,0,3,6,0,1.000000,1.500000,-0.500000,D(C) D(I) D(R) R(C->M) R(U->Y) R(M->O) R(P->L) R(L->A) R(U->X)
RIVOMIL,RIVOTRIL,minicpm_v_46,7,8,1,2,1,0,1,6,0.285714,0.250000,0.750000,M(R) M(I) M(V) M(O) I(T) R(M->R) M(I) M(L)
KETOMAN,KATOMOR,minicpm_v_46,7,7,0,3,0,0,3,4,0.428571,0.428571,0.571429,M(K) R(E->A) M(T) M(O) M(M) R(A->O) R(N->R)
ARDANCE,RIVO,minicpm_v_46,7,4,-3,6,0,3,3,1,0.857143,1.500000,-0.500000,D(A) M(R) D(D) D(A) R(N->I) R(C->V) R(E->O)
INDEVIO,INDERAL,minicpm_v_46,7,7,0,3,0,0,3,4,0.428571,0.428571,0.571429,M(I) M(N) M(D) M(E) R(V->R) R(I->A) R(O->L)
CELLULOSE,CELEBREX,minicpm_v_46,9,8,-1,6,0,1,5,3,0.666667,0.750000,0.250000,M(C) M(E) D(L) M(L) R(U->E) R(L->B) R(O->R) R(S->E) R(E->X)
OSPLCONL,OSTOCAL,minicpm_v_46,8,7,-1,4,0,1,3,4,0.500000,0.571429,0.428571,M(O) M(S) R(P->T) R(L->O) M(C) D(O) R(N->A) M(L)
PROSEFT,PROGEST,minicpm_v_46,7,7,0,2,0,0,2,5,0.285714,0.285714,0.714286,M(P) M(R) M(O) R(S->G) M(E) R(F->S) M(T)
VIGORUX,VIGOREX,paddleocr_vl_space,7,7,0,1,0,0,1,6,0.142857,0.142857,0.857143,M(V) M(I) M(G) M(O) M(R) R(U->E) M(X)
FIGOREX,VIGOREX,paddleocr_vl_space,7,7,0,1,0,0,1,6,0.142857,0.142857,0.857143,R(F->V) M(I) M(G) M(O) M(R) M(E) M(X)
MYOLA,MYOLAX,paddleocr_vl_space,5,6,1,1,1,0,0,5,0.200000,0.166667,0.833333,M(M) M(Y) M(O) M(L) M(A) I(X)
VIGOR,VIGOREX,paddleocr_vl_space,5,7,2,2,2,0,0,5,0.400000,0.285714,0.714286,M(V) M(I) M(G) M(O) M(R) I(E) I(X)
R107N1,RIVOTRIL,paddleocr_vl_space,6,8,2,7,2,0,5,1,1.166667,0.875000,0.125000,M(R) I(I) I(V) R(1->O) R(0->T) R(7->R) R(N->I) R(1->L)
FIGUP,VIGOREX,paddleocr_vl_space,5,7,2,5,2,0,3,2,1.000000,0.714286,0.285714,R(F->V) M(I) M(G) I(O) I(R) R(U->E) R(P->X)
RIVOLI,RIVOTRIL,paddleocr_vl_space,6,8,2,3,2,0,1,5,0.500000,0.375000,0.625000,M(R) M(I) M(V) M(O) I(T) R(L->R) M(I) I(L)
LACTU,LACTO,paddleocr_vl_space,5,5,0,1,0,0,1,4,0.200000,0.200000,0.800000,M(L) M(A) M(C) M(T) R(U->O)
TEFA,TELFAST,paddleocr_vl_space,4,7,3,3,3,0,0,4,0.750000,0.428571,0.571429,M(T) M(E) I(L) M(F) M(A) I(S) I(T)
RIVONL,RIVOTRIL,paddleocr_vl_space,6,8,2,3,2,0,1,5,0.500000,0.375000,0.625000,M(R) M(I) M(V) M(O) I(T) I(R) R(N->I) M(L)
LACTV,LACTO,paddleocr_vl_space,5,5,0,1,0,0,1,4,0.200000,0.200000,0.800000,M(L) M(A) M(C) M(T) R(V->O)
LAETH,LACTO,paddleocr_vl_space,5,5,0,2,0,0,2,3,0.400000,0.400000,0.600000,M(L) M(A) R(E->C) M(T) R(H->O)
KETO REDAO,KETOROLAC,paddleocr_vl_space,10,9,-1,4,0,1,3,6,0.400000,0.444444,0.555556,M(K) M(E) M(T) M(O) D( ) M(R) R(E->O) R(D->L) M(A) R(O->C)
ABA SAGLAR,ABASAGLAR,paddleocr_vl_space,10,9,-1,1,0,1,0,9,0.100000,0.111111,0.888889,M(A) M(B) M(A) D( ) M(S) M(A) M(G) M(L) M(A) M(R)
KETONOLAC,KETOROLAC,paddleocr_vl_space,9,9,0,1,0,0,1,8,0.111111,0.111111,0.888889,M(K) M(E) M(T) M(O) R(N->R) M(O) M(L) M(A) M(C)
PETRIDINE,PETHIDINE,paddleocr_vl_space,9,9,0,1,0,0,1,8,0.111111,0.111111,0.888889,M(P) M(E) M(T) R(R->H) M(I) M(D) M(I) M(N) M(E)
KITOROLAE,KETOROLAC,paddleocr_vl_space,9,9,0,2,0,0,2,7,0.222222,0.222222,0.777778,M(K) R(I->E) M(T) M(O) M(R) M(O) M(L) M(A) R(E->C)
LETWDI,PETHIDINE,paddleocr_vl_space,6,9,3,5,3,0,2,4,0.833333,0.555556,0.444444,R(L->P) M(E) M(T) I(H) R(W->I) M(D) M(I) I(N) I(E)
RIVAIL,RIVOTRIL,paddleocr_vl_space,6,8,2,3,2,0,1,5,0.500000,0.375000,0.625000,M(R) M(I) M(V) I(O) I(T) R(A->R) M(I) M(L)
RIVOHAIL,RIVOTRIL,paddleocr_vl_space,8,8,0,2,0,0,2,6,0.250000,0.250000,0.750000,M(R) M(I) M(V) M(O) R(H->T) R(A->R) M(I) M(L)
ENLECAVIN,ENTECAVIR,paddleocr_vl_space,9,9,0,2,0,0,2,7,0.222222,0.222222,0.777778,M(E) M(N) R(L->T) M(E) M(C) M(A) M(V) M(I) R(N->R)
LANFUS,LANTUS,paddleocr_vl_space,6,6,0,1,0,0,1,5,0.166667,0.166667,0.833333,M(L) M(A) M(N) R(F->T) M(U) M(S)
LANTS,LANTUS,paddleocr_vl_space,5,6,1,1,1,0,0,5,0.200000,0.166667,0.833333,M(L) M(A) M(N) M(T) I(U) M(S)
LAIX,LASIX,paddleocr_vl_space,4,5,1,1,1,0,0,4,0.250000,0.200000,0.800000,M(L) M(A) I(S) M(I) M(X)
LAOSIX,LASIX,paddleocr_vl_space,6,5,-1,1,0,1,0,5,0.166667,0.200000,0.800000,M(L) M(A) D(O) M(S) M(I) M(X)
LANIX,LASIX,paddleocr_vl_space,5,5,0,1,0,0,1,4,0.200000,0.200000,0.800000,M(L) M(A) R(N->S) M(I) M(X)
KETONOLAE,KETOROLAC,paddleocr_vl_space,9,9,0,2,0,0,2,7,0.222222,0.222222,0.777778,M(K) M(E) M(T) M(O) R(N->R) M(O) M(L) M(A) R(E->C)
KETROL,KETOROLAC,paddleocr_vl_space,6,9,3,3,3,0,0,6,0.500000,0.333333,0.666667,M(K) M(E) M(T) I(O) M(R) M(O) M(L) I(A) I(C)
ABUQADHR,IBUPROFEN,paddleocr_vl_space,8,9,1,7,1,0,6,2,0.875000,0.777778,0.222222,R(A->I) M(B) M(U) I(P) R(Q->R) R(A->O) R(D->F) R(H->E) R(R->N)
KEFOROLAE,KETOROLAC,paddleocr_vl_space,9,9,0,2,0,0,2,7,0.222222,0.222222,0.777778,M(K) M(E) R(F->T) M(O) M(R) M(O) M(L) M(A) R(E->C)
KEFOROL,KETOROLAC,paddleocr_vl_space,7,9,2,3,2,0,1,6,0.428571,0.333333,0.666667,M(K) M(E) R(F->T) M(O) M(R) M(O) M(L) I(A) I(C)
ABASAGLAY,ABASAGLAR,paddleocr_vl_space,9,9,0,1,0,0,1,8,0.111111,0.111111,0.888889,M(A) M(B) M(A) M(S) M(A) M(G) M(L) M(A) R(Y->R)
CLARA,CLEXANE,paddleocr_vl_space,5,7,2,4,2,0,2,3,0.800000,0.571429,0.428571,M(C) M(L) I(E) I(X) M(A) R(R->N) R(A->E)
ALBULEIN,ALBUTEIN,paddleocr_vl_space,8,8,0,1,0,0,1,7,0.125000,0.125000,0.875000,M(A) M(L) M(B) M(U) R(L->T) M(E) M(I) M(N)
POCO,TOCO,paddleocr_vl_space,4,4,0,1,0,0,1,3,0.250000,0.250000,0.750000,R(P->T) M(O) M(C) M(O)
RIVOHRIL,RIVOTRIL,paddleocr_vl_space,8,8,0,1,0,0,1,7,0.125000,0.125000,0.875000,M(R) M(I) M(V) M(O) R(H->T) M(R) M(I) M(L)
OSTOEL,OSTOCAL,paddleocr_vl_space,6,7,1,2,1,0,1,5,0.333333,0.285714,0.714286,M(O) M(S) M(T) M(O) I(C) R(E->A) M(L)
OSSIA,OSSICA,paddleocr_vl_space,5,6,1,1,1,0,0,5,0.200000,0.166667,0.833333,M(O) M(S) M(S) M(I) I(C) M(A)
RIVOTROL,RIVOTRIL,paddleocr_vl_space,8,8,0,1,0,0,1,7,0.125000,0.125000,0.875000,M(R) M(I) M(V) M(O) M(T) M(R) R(O->I) M(L)
GNAUPLUS,MYOLAX,paddleocr_vl_space,8,6,-2,7,0,2,5,1,0.875000,1.166667,-0.166667,D(G) D(N) R(A->M) R(U->Y) R(P->O) M(L) R(U->A) R(S->X)
OSSIEA,OSSICA,paddleocr_vl_space,6,6,0,1,0,0,1,5,0.166667,0.166667,0.833333,M(O) M(S) M(S) M(I) R(E->C) M(A)
KEFOMAN,KATOMOR,paddleocr_vl_space,7,7,0,4,0,0,4,3,0.571429,0.571429,0.428571,M(K) R(E->A) R(F->T) M(O) M(M) R(A->O) R(N->R)
ARDANCE,RIVO,paddleocr_vl_space,7,4,-3,6,0,3,3,1,0.857143,1.500000,-0.500000,D(A) M(R) D(D) D(A) R(N->I) R(C->V) R(E->O)
INDO6,INDERAL,paddleocr_vl_space,5,7,2,4,2,0,2,3,0.800000,0.571429,0.428571,M(I) M(N) M(D) I(E) I(R) R(O->A) R(6->L)
COBOND,CELEBREX,paddleocr_vl_space,6,8,2,6,2,0,4,2,1.000000,0.750000,0.250000,M(C) I(E) I(L) R(O->E) M(B) R(O->R) R(N->E) R(D->X)
OSHOEAL,OSTOCAL,paddleocr_vl_space,7,7,0,2,0,0,2,5,0.285714,0.285714,0.714286,M(O) M(S) R(H->T) M(O) R(E->C) M(A) M(L)
PROSEST,PROGEST,paddleocr_vl_space,7,7,0,1,0,0,1,6,0.142857,0.142857,0.857143,M(P) M(R) M(O) R(S->G) M(E) M(S) M(T)
VIGORAX,VIGOREX,qwen25_vl_3b,7,7,0,1,0,0,1,6,0.142857,0.142857,0.857143,M(V) M(I) M(G) M(O) M(R) R(A->E) M(X)
VIQOREX,VIGOREX,qwen25_vl_3b,7,7,0,1,0,0,1,6,0.142857,0.142857,0.857143,M(V) M(I) R(Q->G) M(O) M(R) M(E) M(X)
RI 100MG,RIVOTRIL,qwen25_vl_3b,8,8,0,6,0,0,6,2,0.750000,0.750000,0.250000,M(R) M(I) R( ->V) R(1->O) R(0->T) R(0->R) R(M->I) R(G->L)
VIGAREX,VIGOREX,qwen25_vl_3b,7,7,0,1,0,0,1,6,0.142857,0.142857,0.857143,M(V) M(I) M(G) R(A->O) M(R) M(E) M(X)
RIVOFRIN,RIVOTRIL,qwen25_vl_3b,8,8,0,2,0,0,2,6,0.250000,0.250000,0.750000,M(R) M(I) M(V) M(O) R(F->T) M(R) M(I) R(N->L)
VIGORACE,VIGOREX,qwen25_vl_3b,8,7,-1,3,0,1,2,5,0.375000,0.428571,0.571429,M(V) M(I) M(G) M(O) M(R) D(A) R(C->E) R(E->X)
LACTU,LACTO,qwen25_vl_3b,5,5,0,1,0,0,1,4,0.200000,0.200000,0.800000,M(L) M(A) M(C) M(T) R(U->O)
TELFA,TELFAST,qwen25_vl_3b,5,7,2,2,2,0,0,5,0.400000,0.285714,0.714286,M(T) M(E) M(L) M(F) M(A) I(S) I(T)
RIVOLVI,RIVOTRIL,qwen25_vl_3b,7,8,1,3,1,0,2,5,0.428571,0.375000,0.625000,M(R) M(I) M(V) M(O) R(L->T) R(V->R) M(I) I(L)
LAETIS,LACTO,qwen25_vl_3b,6,5,-1,3,0,1,2,3,0.500000,0.600000,0.400000,M(L) M(A) R(E->C) M(T) D(I) R(S->O)
MYCLAX,MYOLAX,qwen25_vl_3b,6,6,0,1,0,0,1,5,0.166667,0.166667,0.833333,M(M) M(Y) R(C->O) M(L) M(A) M(X)
KETO RCOLCO,KETOROLAC,qwen25_vl_3b,11,9,-2,4,0,2,2,7,0.363636,0.444444,0.555556,M(K) M(E) M(T) M(O) D( ) M(R) D(C) M(O) M(L) R(C->A) R(O->C)
CEFALEXINE,CEFIXIME,qwen25_vl_3b,10,8,-2,4,0,2,2,6,0.400000,0.500000,0.500000,M(C) M(E) M(F) D(A) D(L) R(E->I) M(X) M(I) R(N->M) M(E)
ABACAVIR,ABASAGLAR,qwen25_vl_3b,8,9,1,4,1,0,3,5,0.500000,0.444444,0.555556,M(A) M(B) M(A) R(C->S) M(A) I(G) R(V->L) R(I->A) M(R)
KETONOLAC,KETOROLAC,qwen25_vl_3b,9,9,0,1,0,0,1,8,0.111111,0.111111,0.888889,M(K) M(E) M(T) M(O) R(N->R) M(O) M(L) M(A) M(C)
PETRIDINE,PETHIDINE,qwen25_vl_3b,9,9,0,1,0,0,1,8,0.111111,0.111111,0.888889,M(P) M(E) M(T) R(R->H) M(I) M(D) M(I) M(N) M(E)
KITORALAC,KETOROLAC,qwen25_vl_3b,9,9,0,2,0,0,2,7,0.222222,0.222222,0.777778,M(K) R(I->E) M(T) M(O) M(R) R(A->O) M(L) M(A) M(C)
PETECOLIN,PETHIDINE,qwen25_vl_3b,9,9,0,5,1,1,3,5,0.555556,0.555556,0.444444,M(P) M(E) M(T) D(E) R(C->H) R(O->I) R(L->D) M(I) M(N) I(E)
RIVOHAIL,RIVOTRIL,qwen25_vl_3b,8,8,0,2,0,0,2,6,0.250000,0.250000,0.750000,M(R) M(I) M(V) M(O) R(H->T) R(A->R) M(I) M(L)
LANLTA,LANTUS,qwen25_vl_3b,6,6,0,3,0,0,3,3,0.500000,0.500000,0.500000,M(L) M(A) M(N) R(L->T) R(T->U) R(A->S)
LAMIX,LASIX,qwen25_vl_3b,5,5,0,1,0,0,1,4,0.200000,0.200000,0.800000,M(L) M(A) R(M->S) M(I) M(X)
KETONOLAE,KETOROLAC,qwen25_vl_3b,9,9,0,2,0,0,2,7,0.222222,0.222222,0.777778,M(K) M(E) M(T) M(O) R(N->R) M(O) M(L) M(A) R(E->C)
ECOFIX,CEFIXIME,qwen25_vl_3b,6,8,2,5,3,1,1,4,0.833333,0.625000,0.375000,D(E) M(C) R(O->E) M(F) M(I) M(X) I(I) I(M) I(E)
KETO RIDAC,KETOROLAC,qwen25_vl_3b,10,9,-1,3,0,1,2,7,0.300000,0.333333,0.666667,M(K) M(E) M(T) M(O) D( ) M(R) R(I->O) R(D->L) M(A) M(C)
ALBA SAGL ATZ,ABASAGLAR,qwen25_vl_3b,13,9,-4,5,0,4,1,8,0.384615,0.555556,0.444444,M(A) D(L) M(B) M(A) D( ) M(S) M(A) M(G) M(L) D( ) M(A) D(T) R(Z->R)
KETOROLACE,KETOROLAC,qwen25_vl_3b,10,9,-1,1,0,1,0,9,0.100000,0.111111,0.888889,M(K) M(E) M(T) M(O) M(R) M(O) M(L) M(A) M(C) D(E)
EBUPRODENE,IBUPROFEN,qwen25_vl_3b,10,9,-1,3,0,1,2,7,0.300000,0.333333,0.666667,R(E->I) M(B) M(U) M(P) M(R) M(O) R(D->F) M(E) M(N) D(E)
KEFONOTAE,KETOROLAC,qwen25_vl_3b,9,9,0,4,0,0,4,5,0.444444,0.444444,0.555556,M(K) M(E) R(F->T) M(O) R(N->R) M(O) R(T->L) M(A) R(E->C)
ABERAGLAR,ABASAGLAR,qwen25_vl_3b,9,9,0,2,0,0,2,7,0.222222,0.222222,0.777778,M(A) M(B) R(E->A) R(R->S) M(A) M(G) M(L) M(A) M(R)
ABISAGLOR,ABASAGLAR,qwen25_vl_3b,9,9,0,2,0,0,2,7,0.222222,0.222222,0.777778,M(A) M(B) R(I->A) M(S) M(A) M(G) M(L) R(O->A) M(R)
CLONANE,CLEXANE,qwen25_vl_3b,7,7,0,2,0,0,2,5,0.285714,0.285714,0.714286,M(C) M(L) R(O->E) R(N->X) M(A) M(N) M(E)
ALBUFEIRA,ALBUTEIN,qwen25_vl_3b,9,8,-1,3,0,1,2,6,0.333333,0.375000,0.625000,M(A) M(L) M(B) M(U) R(F->T) M(E) M(I) D(R) R(A->N)
TUCO,TOCO,qwen25_vl_3b,4,4,0,1,0,0,1,3,0.250000,0.250000,0.750000,M(T) R(U->O) M(C) M(O)
TOCILIZUMAB,TOCO,qwen25_vl_3b,11,4,-7,8,0,7,1,3,0.727273,2.000000,-1.000000,M(T) M(O) M(C) D(I) D(L) D(I) D(Z) D(U) D(M) D(A) R(B->O)
RIVOHEL,RIVOTRIL,qwen25_vl_3b,7,8,1,3,1,0,2,5,0.428571,0.375000,0.625000,M(R) M(I) M(V) M(O) I(T) R(H->R) R(E->I) M(L)
MYOLAXO,MYOLAX,qwen25_vl_3b,7,6,-1,1,0,1,0,6,0.142857,0.166667,0.833333,M(M) M(Y) M(O) M(L) M(A) M(X) D(O)
RIVOFLAVIN,RIVOTRIL,qwen25_vl_3b,10,8,-2,5,0,2,3,5,0.500000,0.625000,0.375000,M(R) M(I) M(V) M(O) D(F) D(L) R(A->T) R(V->R) M(I) R(N->L)
OSTOCUL,OSTOCAL,qwen25_vl_3b,7,7,0,1,0,0,1,6,0.142857,0.142857,0.857143,M(O) M(S) M(T) M(O) M(C) R(U->A) M(L)
OSTOCALD,OSTOCAL,qwen25_vl_3b,8,7,-1,1,0,1,0,7,0.125000,0.142857,0.857143,M(O) M(S) M(T) M(O) M(C) M(A) M(L) D(D)
RIVOHOL,RIVOTRIL,qwen25_vl_3b,7,8,1,3,1,0,2,5,0.428571,0.375000,0.625000,M(R) M(I) M(V) M(O) I(T) R(H->R) R(O->I) M(L)
CINNA PLUS,MYOLAX,qwen25_vl_3b,10,6,-4,9,0,4,5,1,0.900000,1.500000,-0.500000,D(C) D(I) D(N) D(N) R(A->M) R( ->Y) R(P->O) M(L) R(U->A) R(S->X)
RIVOMIL,RIVOTRIL,qwen25_vl_3b,7,8,1,2,1,0,1,6,0.285714,0.250000,0.750000,M(R) M(I) M(V) M(O) I(T) R(M->R) M(I) M(L)
KETOMAN,KATOMOR,qwen25_vl_3b,7,7,0,3,0,0,3,4,0.428571,0.428571,0.571429,M(K) R(E->A) M(T) M(O) M(M) R(A->O) R(N->R)
ARDANCE,RIVO,qwen25_vl_3b,7,4,-3,6,0,3,3,1,0.857143,1.500000,-0.500000,D(A) M(R) D(D) D(A) R(N->I) R(C->V) R(E->O)
RIUO,RIVO,qwen25_vl_3b,4,4,0,1,0,0,1,3,0.250000,0.250000,0.750000,M(R) M(I) R(U->V) M(O)
INDOMETHACIN,INDERAL,qwen25_vl_3b,12,7,-5,7,0,5,2,5,0.583333,1.000000,0.000000,M(I) M(N) M(D) D(O) D(M) M(E) D(T) R(H->R) M(A) D(C) D(I) R(N->L)
CALBONETX,CELEBREX,qwen25_vl_3b,9,8,-1,5,0,1,4,4,0.555556,0.625000,0.375000,M(C) R(A->E) M(L) R(B->E) R(O->B) R(N->R) M(E) D(T) M(X)
OSMOCALM,OSTOCAL,qwen25_vl_3b,8,7,-1,2,0,1,1,6,0.250000,0.285714,0.714286,M(O) M(S) R(M->T) M(O) M(C) M(A) M(L) D(M)
PRESET,PROGEST,qwen25_vl_3b,6,7,1,3,1,0,2,4,0.500000,0.428571,0.571429,M(P) M(R) R(E->O) R(S->G) M(E) I(S) M(T)
VIGOROX,VIGOREX,qwen25_vl_7b,7,7,0,1,0,0,1,6,0.142857,0.142857,0.857143,M(V) M(I) M(G) M(O) M(R) R(O->E) M(X)
RIOPHOL,RIVOTRIL,qwen25_vl_7b,7,8,1,4,1,0,3,4,0.571429,0.500000,0.500000,M(R) M(I) I(V) M(O) R(P->T) R(H->R) R(O->I) M(L)
VIGOREP,VIGOREX,qwen25_vl_7b,7,7,0,1,0,0,1,6,0.142857,0.142857,0.857143,M(V) M(I) M(G) M(O) M(R) M(E) R(P->X)
LAETU,LACTO,qwen25_vl_7b,5,5,0,2,0,0,2,3,0.400000,0.400000,0.600000,M(L) M(A) R(E->C) M(T) R(U->O)
TELFAIR,TELFAST,qwen25_vl_7b,7,7,0,2,0,0,2,5,0.285714,0.285714,0.714286,M(T) M(E) M(L) M(F) M(A) R(I->S) R(R->T)
RIVONIL,RIVOTRIL,qwen25_vl_7b,7,8,1,2,1,0,1,6,0.285714,0.250000,0.750000,M(R) M(I) M(V) M(O) I(T) R(N->R) M(I) M(L)
RIVOTRIL,RIVO,qwen25_vl_7b,8,4,-4,4,0,4,0,4,0.500000,1.000000,0.000000,M(R) M(I) M(V) M(O) D(T) D(R) D(I) D(L)
LACTU,LACTO,qwen25_vl_7b,5,5,0,1,0,0,1,4,0.200000,0.200000,0.800000,M(L) M(A) M(C) M(T) R(U->O)
LAETH,LACTO,qwen25_vl_7b,5,5,0,2,0,0,2,3,0.400000,0.400000,0.600000,M(L) M(A) R(E->C) M(T) R(H->O)
KETO RCOLAO,KETOROLAC,qwen25_vl_7b,11,9,-2,3,0,2,1,8,0.272727,0.333333,0.666667,M(K) M(E) M(T) M(O) D( ) M(R) D(C) M(O) M(L) M(A) R(O->C)
ABA SAGLARZ,ABASAGLAR,qwen25_vl_7b,11,9,-2,2,0,2,0,9,0.181818,0.222222,0.777778,M(A) M(B) M(A) D( ) M(S) M(A) M(G) M(L) M(A) M(R) D(Z)
PETRIDINE,PETHIDINE,qwen25_vl_7b,9,9,0,1,0,0,1,8,0.111111,0.111111,0.888889,M(P) M(E) M(T) R(R->H) M(I) M(D) M(I) M(N) M(E)
KITORCALAC,KETOROLAC,qwen25_vl_7b,10,9,-1,3,0,1,2,7,0.300000,0.333333,0.666667,M(K) R(I->E) M(T) M(O) M(R) D(C) R(A->O) M(L) M(A) M(C)
PETWOLIM,PETHIDINE,qwen25_vl_7b,8,9,1,5,1,0,4,4,0.625000,0.555556,0.444444,M(P) M(E) M(T) R(W->H) R(O->I) R(L->D) M(I) I(N) R(M->E)
RIVOHRIL,RIVOTRIL,qwen25_vl_7b,8,8,0,1,0,0,1,7,0.125000,0.125000,0.875000,M(R) M(I) M(V) M(O) R(H->T) M(R) M(I) M(L)
LANHA,LANTUS,qwen25_vl_7b,5,6,1,3,1,0,2,3,0.600000,0.500000,0.500000,M(L) M(A) M(N) I(T) R(H->U) R(A->S)
LAMIX,LASIX,qwen25_vl_7b,5,5,0,1,0,0,1,4,0.200000,0.200000,0.800000,M(L) M(A) R(M->S) M(I) M(X)
KETONOLAC,KETOROLAC,qwen25_vl_7b,9,9,0,1,0,0,1,8,0.111111,0.111111,0.888889,M(K) M(E) M(T) M(O) R(N->R) M(O) M(L) M(A) M(C)
KETROLAC,KETOROLAC,qwen25_vl_7b,8,9,1,1,1,0,0,8,0.125000,0.111111,0.888889,M(K) M(E) M(T) I(O) M(R) M(O) M(L) M(A) M(C)
CEFIXIM,CEFIXIME,qwen25_vl_7b,7,8,1,1,1,0,0,7,0.142857,0.125000,0.875000,M(C) M(E) M(F) M(I) M(X) M(I) M(M) I(E)
ABUPRUFEN,IBUPROFEN,qwen25_vl_7b,9,9,0,2,0,0,2,7,0.222222,0.222222,0.777778,R(A->I) M(B) M(U) M(P) M(R) R(U->O) M(F) M(E) M(N)
KEFONOTAE,KETOROLAC,qwen25_vl_7b,9,9,0,4,0,0,4,5,0.444444,0.444444,0.555556,M(K) M(E) R(F->T) M(O) R(N->R) M(O) R(T->L) M(A) R(E->C)
ABRASAGLAR,ABASAGLAR,qwen25_vl_7b,10,9,-1,1,0,1,0,9,0.100000,0.111111,0.888889,M(A) M(B) D(R) M(A) M(S) M(A) M(G) M(L) M(A) M(R)
ABDSAGLOR,ABASAGLAR,qwen25_vl_7b,9,9,0,2,0,0,2,7,0.222222,0.222222,0.777778,M(A) M(B) R(D->A) M(S) M(A) M(G) M(L) R(O->A) M(R)
CLAVANE,CLEXANE,qwen25_vl_7b,7,7,0,2,0,0,2,5,0.285714,0.285714,0.714286,M(C) M(L) R(A->E) R(V->X) M(A) M(N) M(E)
RIVASTIGMINE,RIVOTRIL,qwen25_vl_7b,12,8,-4,7,0,4,3,5,0.583333,0.875000,0.125000,M(R) M(I) M(V) D(A) R(S->O) M(T) D(I) D(G) R(M->R) M(I) D(N) R(E->L)
OSTOCUL,OSTOCAL,qwen25_vl_7b,7,7,0,1,0,0,1,6,0.142857,0.142857,0.857143,M(O) M(S) M(T) M(O) M(C) R(U->A) M(L)
CINAMA PLUS,MYOLAX,qwen25_vl_7b,11,6,-5,9,0,5,4,2,0.818182,1.500000,-0.500000,D(C) D(I) D(N) D(A) M(M) D(A) R( ->Y) R(P->O) M(L) R(U->A) R(S->X)
KETOMAN,KATOMOR,qwen25_vl_7b,7,7,0,3,0,0,3,4,0.428571,0.428571,0.571429,M(K) R(E->A) M(T) M(O) M(M) R(A->O) R(N->R)
ARDANCE,RIVO,qwen25_vl_7b,7,4,-3,6,0,3,3,1,0.857143,1.500000,-0.500000,D(A) M(R) D(D) D(A) R(N->I) R(C->V) R(E->O)
RIYO,RIVO,qwen25_vl_7b,4,4,0,1,0,0,1,3,0.250000,0.250000,0.750000,M(R) M(I) R(Y->V) M(O)
INDOCIN,INDERAL,qwen25_vl_7b,7,7,0,4,0,0,4,3,0.571429,0.571429,0.428571,M(I) M(N) M(D) R(O->E) R(C->R) R(I->A) R(N->L)
OSTROCOLL,OSTOCAL,qwen25_vl_7b,9,7,-2,3,0,2,1,6,0.333333,0.428571,0.571429,M(O) M(S) M(T) D(R) M(O) M(C) D(O) R(L->A) M(L)
PROSEFT,PROGEST,qwen25_vl_7b,7,7,0,2,0,0,2,5,0.285714,0.285714,0.714286,M(P) M(R) M(O) R(S->G) M(E) R(F->S) M(T)
MYCOLOG,MYOLAX,qwen3_vl_4b,7,6,-1,3,0,1,2,4,0.428571,0.500000,0.500000,M(M) M(Y) D(C) M(O) M(L) R(O->A) R(G->X)
RIVOMIL,RIVOTRIL,qwen3_vl_4b,7,8,1,2,1,0,1,6,0.285714,0.250000,0.750000,M(R) M(I) M(V) M(O) I(T) R(M->R) M(I) M(L)
LACTU,LACTO,qwen3_vl_4b,5,5,0,1,0,0,1,4,0.200000,0.200000,0.800000,M(L) M(A) M(C) M(T) R(U->O)
TELFASE,TELFAST,qwen3_vl_4b,7,7,0,1,0,0,1,6,0.142857,0.142857,0.857143,M(T) M(E) M(L) M(F) M(A) M(S) R(E->T)
LACH,LACTO,qwen3_vl_4b,4,5,1,2,1,0,1,3,0.500000,0.400000,0.600000,M(L) M(A) M(C) I(T) R(H->O)
RIVODRIL,RIVOTRIL,qwen3_vl_4b,8,8,0,1,0,0,1,7,0.125000,0.125000,0.875000,M(R) M(I) M(V) M(O) R(D->T) M(R) M(I) M(L)
MYO LAX,MYOLAX,qwen3_vl_4b,7,6,-1,1,0,1,0,6,0.142857,0.166667,0.833333,M(M) M(Y) M(O) D( ) M(L) M(A) M(X)
KETO RALAGO,KETOROLAC,qwen3_vl_4b,11,9,-2,4,0,2,2,7,0.363636,0.444444,0.555556,M(K) M(E) M(T) M(O) D( ) M(R) R(A->O) M(L) M(A) D(G) R(O->C)
ABA SAGLARZ,ABASAGLAR,qwen3_vl_4b,11,9,-2,2,0,2,0,9,0.181818,0.222222,0.777778,M(A) M(B) M(A) D( ) M(S) M(A) M(G) M(L) M(A) M(R) D(Z)
KETONOLAC,KETOROLAC,qwen3_vl_4b,9,9,0,1,0,0,1,8,0.111111,0.111111,0.888889,M(K) M(E) M(T) M(O) R(N->R) M(O) M(L) M(A) M(C)
PETRIDINE,PETHIDINE,qwen3_vl_4b,9,9,0,1,0,0,1,8,0.111111,0.111111,0.888889,M(P) M(E) M(T) R(R->H) M(I) M(D) M(I) M(N) M(E)
KUTOROLAC,KETOROLAC,qwen3_vl_4b,9,9,0,1,0,0,1,8,0.111111,0.111111,0.888889,M(K) R(U->E) M(T) M(O) M(R) M(O) M(L) M(A) M(C)
PETAWOLIN,PETHIDINE,qwen3_vl_4b,9,9,0,5,1,1,3,5,0.555556,0.555556,0.444444,M(P) M(E) M(T) D(A) R(W->H) R(O->I) R(L->D) M(I) M(N) I(E)
RIVOTAL,RIVOTRIL,qwen3_vl_4b,7,8,1,2,1,0,1,6,0.285714,0.250000,0.750000,M(R) M(I) M(V) M(O) M(T) I(R) R(A->I) M(L)
RIVOBAIL,RIVOTRIL,qwen3_vl_4b,8,8,0,2,0,0,2,6,0.250000,0.250000,0.750000,M(R) M(I) M(V) M(O) R(B->T) R(A->R) M(I) M(L)
ENLECAVIN,ENTECAVIR,qwen3_vl_4b,9,9,0,2,0,0,2,7,0.222222,0.222222,0.777778,M(E) M(N) R(L->T) M(E) M(C) M(A) M(V) M(I) R(N->R)
LANUS,LANTUS,qwen3_vl_4b,5,6,1,1,1,0,0,5,0.200000,0.166667,0.833333,M(L) M(A) M(N) I(T) M(U) M(S)
LAXIX,LASIX,qwen3_vl_4b,5,5,0,1,0,0,1,4,0.200000,0.200000,0.800000,M(L) M(A) R(X->S) M(I) M(X)
LOXIX,LASIX,qwen3_vl_4b,5,5,0,2,0,0,2,3,0.400000,0.400000,0.600000,M(L) R(O->A) R(X->S) M(I) M(X)
LOMIX,LASIX,qwen3_vl_4b,5,5,0,2,0,0,2,3,0.400000,0.400000,0.600000,M(L) R(O->A) R(M->S) M(I) M(X)
NEURONTIN,NEUROCET,qwen3_vl_4b,9,8,-1,4,0,1,3,5,0.444444,0.500000,0.500000,M(N) M(E) M(U) M(R) M(O) D(N) R(T->C) R(I->E) R(N->T)
KETOPROFEN,KETOROLAC,qwen3_vl_4b,10,9,-1,4,0,1,3,6,0.400000,0.444444,0.555556,M(K) M(E) M(T) M(O) D(P) M(R) M(O) R(F->L) R(E->A) R(N->C)
KETROLAC,KETOROLAC,qwen3_vl_4b,8,9,1,1,1,0,0,8,0.125000,0.111111,0.888889,M(K) M(E) M(T) I(O) M(R) M(O) M(L) M(A) M(C)
ECFIXIM,CEFIXIME,qwen3_vl_4b,7,8,1,3,1,0,2,5,0.428571,0.375000,0.625000,R(E->C) R(C->E) M(F) M(I) M(X) M(I) M(M) I(E)
KELONOLAE,KETOROLAC,qwen3_vl_4b,9,9,0,3,0,0,3,6,0.333333,0.333333,0.666667,M(K) M(E) R(L->T) M(O) R(N->R) M(O) M(L) M(A) R(E->C)
KETROL 40,KETOROLAC,qwen3_vl_4b,9,9,0,4,1,1,2,6,0.444444,0.444444,0.555556,M(K) M(E) M(T) I(O) M(R) M(O) M(L) D( ) R(4->A) R(0->C)
ABASAG LAR,ABASAGLAR,qwen3_vl_4b,10,9,-1,1,0,1,0,9,0.100000,0.111111,0.888889,M(A) M(B) M(A) M(S) M(A) M(G) D( ) M(L) M(A) M(R)
CLARANCE,CLEXANE,qwen3_vl_4b,8,7,-1,3,0,1,2,5,0.375000,0.428571,0.571429,M(C) M(L) R(A->E) R(R->X) M(A) M(N) D(C) M(E)
ALBUFEIN,ALBUTEIN,qwen3_vl_4b,8,8,0,1,0,0,1,7,0.125000,0.125000,0.875000,M(A) M(L) M(B) M(U) R(F->T) M(E) M(I) M(N)
7000,TOCO,qwen3_vl_4b,4,4,0,4,0,0,4,0,1.000000,1.000000,0.000000,R(7->T) R(0->O) R(0->C) R(0->O)
RIVOLTIL,RIVOTRIL,qwen3_vl_4b,8,8,0,2,0,0,2,6,0.250000,0.250000,0.750000,M(R) M(I) M(V) M(O) R(L->T) R(T->R) M(I) M(L)
MYOLAYO,MYOLAX,qwen3_vl_4b,7,6,-1,2,0,1,1,5,0.285714,0.333333,0.666667,M(M) M(Y) M(O) M(L) M(A) D(Y) R(O->X)
RIVAFAXIL,RIVOTRIL,qwen3_vl_4b,9,8,-1,4,0,1,3,5,0.444444,0.500000,0.500000,M(R) M(I) M(V) D(A) R(F->O) R(A->T) R(X->R) M(I) M(L)
OSTEOCL,OSTOCAL,qwen3_vl_4b,7,7,0,2,1,1,0,6,0.285714,0.285714,0.714286,M(O) M(S) M(T) D(E) M(O) M(C) I(A) M(L)
MYDRALAX,MYOLAX,qwen3_vl_4b,8,6,-2,3,0,2,1,5,0.375000,0.500000,0.500000,M(M) M(Y) D(D) D(R) R(A->O) M(L) M(A) M(X)
CINAAM PLUS,MYOLAX,qwen3_vl_4b,11,6,-5,9,0,5,4,2,0.818182,1.500000,-0.500000,D(C) D(I) D(N) D(A) D(A) M(M) R( ->Y) R(P->O) M(L) R(U->A) R(S->X)
KETOMAN,KATOMOR,qwen3_vl_4b,7,7,0,3,0,0,3,4,0.428571,0.428571,0.571429,M(K) R(E->A) M(T) M(O) M(M) R(A->O) R(N->R)
ARDANCE,RIVO,qwen3_vl_4b,7,4,-3,6,0,3,3,1,0.857143,1.500000,-0.500000,D(A) M(R) D(D) D(A) R(N->I) R(C->V) R(E->O)
INDOMETHACIN,INDERAL,qwen3_vl_4b,12,7,-5,7,0,5,2,5,0.583333,1.000000,0.000000,M(I) M(N) M(D) D(O) D(M) M(E) D(T) R(H->R) M(A) D(C) D(I) R(N->L)
OSMOCL,OSTOCAL,qwen3_vl_4b,6,7,1,2,1,0,1,5,0.333333,0.285714,0.714286,M(O) M(S) R(M->T) M(O) M(C) I(A) M(L)
PROSEPT,PROGEST,qwen3_vl_4b,7,7,0,2,0,0,2,5,0.285714,0.285714,0.714286,M(P) M(R) M(O) R(S->G) M(E) R(P->S) M(T)
VIGOXXX,VIGOREX,qwen3_vl_8b,7,7,0,2,0,0,2,5,0.285714,0.285714,0.714286,M(V) M(I) M(G) M(O) R(X->R) R(X->E) M(X)
PICOFIL,RIVOTRIL,qwen3_vl_8b,7,8,1,4,1,0,3,4,0.571429,0.500000,0.500000,R(P->R) M(I) R(C->V) M(O) I(T) R(F->R) M(I) M(L)
VIGOUR,VIGOREX,qwen3_vl_8b,6,7,1,3,1,0,2,4,0.500000,0.428571,0.571429,M(V) M(I) M(G) M(O) I(R) R(U->E) R(R->X)
VIGORUP,VIGOREX,qwen3_vl_8b,7,7,0,2,0,0,2,5,0.285714,0.285714,0.714286,M(V) M(I) M(G) M(O) M(R) R(U->E) R(P->X)
LACTU,LACTO,qwen3_vl_8b,5,5,0,1,0,0,1,4,0.200000,0.200000,0.800000,M(L) M(A) M(C) M(T) R(U->O)
LAETRILE,LACTO,qwen3_vl_8b,8,5,-3,5,0,3,2,3,0.625000,1.000000,0.000000,M(L) M(A) R(E->C) M(T) D(R) D(I) D(L) R(E->O)
KETOROLACO,KETOROLAC,qwen3_vl_8b,10,9,-1,1,0,1,0,9,0.100000,0.111111,0.888889,M(K) M(E) M(T) M(O) M(R) M(O) M(L) M(A) M(C) D(O)
ABA SAGLARZ,ABASAGLAR,qwen3_vl_8b,11,9,-2,2,0,2,0,9,0.181818,0.222222,0.777778,M(A) M(B) M(A) D( ) M(S) M(A) M(G) M(L) M(A) M(R) D(Z)
KETONOLAC,KETOROLAC,qwen3_vl_8b,9,9,0,1,0,0,1,8,0.111111,0.111111,0.888889,M(K) M(E) M(T) M(O) R(N->R) M(O) M(L) M(A) M(C)
KUTORECALAE,KETOROLAC,qwen3_vl_8b,11,9,-2,5,0,2,3,6,0.454545,0.555556,0.444444,M(K) R(U->E) M(T) M(O) M(R) D(E) D(C) R(A->O) M(L) M(A) R(E->C)
PETIWOLINE,PETHIDINE,qwen3_vl_8b,10,9,-1,4,0,1,3,6,0.400000,0.444444,0.555556,M(P) M(E) M(T) D(I) R(W->H) R(O->I) R(L->D) M(I) M(N) M(E)
LANLYS,LANTUS,qwen3_vl_8b,6,6,0,2,0,0,2,4,0.333333,0.333333,0.666667,M(L) M(A) M(N) R(L->T) R(Y->U) M(S)
LAMIX,LASIX,qwen3_vl_8b,5,5,0,1,0,0,1,4,0.200000,0.200000,0.800000,M(L) M(A) R(M->S) M(I) M(X)
KETONOLAE,KETOROLAC,qwen3_vl_8b,9,9,0,2,0,0,2,7,0.222222,0.222222,0.777778,M(K) M(E) M(T) M(O) R(N->R) M(O) M(L) M(A) R(E->C)
KELOROLAC,KETOROLAC,qwen3_vl_8b,9,9,0,1,0,0,1,8,0.111111,0.111111,0.888889,M(K) M(E) R(L->T) M(O) M(R) M(O) M(L) M(A) M(C)
ECOFIXIM,CEFIXIME,qwen3_vl_8b,8,8,0,3,1,1,1,6,0.375000,0.375000,0.625000,D(E) M(C) R(O->E) M(F) M(I) M(X) M(I) M(M) I(E)
ABA SAGLARC,ABASAGLAR,qwen3_vl_8b,11,9,-2,2,0,2,0,9,0.181818,0.222222,0.777778,M(A) M(B) M(A) D( ) M(S) M(A) M(G) M(L) M(A) M(R) D(C)
OBUPRIFENE,IBUPROFEN,qwen3_vl_8b,10,9,-1,3,0,1,2,7,0.300000,0.333333,0.666667,R(O->I) M(B) M(U) M(P) M(R) R(I->O) M(F) M(E) M(N) D(E)
KEFONOLAE,KETOROLAC,qwen3_vl_8b,9,9,0,3,0,0,3,6,0.333333,0.333333,0.666667,M(K) M(E) R(F->T) M(O) R(N->R) M(O) M(L) M(A) R(E->C)
ABACAVIR LAR,ABASAGLAR,qwen3_vl_8b,12,9,-3,5,0,3,2,7,0.416667,0.555556,0.444444,M(A) M(B) M(A) R(C->S) M(A) D(V) D(I) D(R) R( ->G) M(L) M(A) M(R)
CLAXANE,CLEXANE,qwen3_vl_8b,7,7,0,1,0,0,1,6,0.142857,0.142857,0.857143,M(C) M(L) R(A->E) M(X) M(A) M(N) M(E)
ALBUSSEIN,ALBUTEIN,qwen3_vl_8b,9,8,-1,2,0,1,1,7,0.222222,0.250000,0.750000,M(A) M(L) M(B) M(U) D(S) R(S->T) M(E) M(I) M(N)
TOC0,TOCO,qwen3_vl_8b,4,4,0,1,0,0,1,3,0.250000,0.250000,0.750000,M(T) M(O) M(C) R(0->O)
MYOLASE,MYOLAX,qwen3_vl_8b,7,6,-1,2,0,1,1,5,0.285714,0.333333,0.666667,M(M) M(Y) M(O) M(L) M(A) D(S) R(E->X)
RIVAFAXINE,RIVOTRIL,qwen3_vl_8b,10,8,-2,6,0,2,4,4,0.600000,0.750000,0.250000,M(R) M(I) M(V) D(A) R(F->O) R(A->T) R(X->R) M(I) D(N) R(E->L)
OSTOCUL,OSTOCAL,qwen3_vl_8b,7,7,0,1,0,0,1,6,0.142857,0.142857,0.857143,M(O) M(S) M(T) M(O) M(C) R(U->A) M(L)
CINACALCET,MYOLAX,qwen3_vl_8b,10,6,-4,9,0,4,5,1,0.900000,1.500000,-0.500000,D(C) D(I) D(N) R(A->M) R(C->Y) R(A->O) M(L) D(C) R(E->A) R(T->X)
RIVOMIL,RIVOTRIL,qwen3_vl_8b,7,8,1,2,1,0,1,6,0.285714,0.250000,0.750000,M(R) M(I) M(V) M(O) I(T) R(M->R) M(I) M(L)
KETOMAC,KATOMOR,qwen3_vl_8b,7,7,0,3,0,0,3,4,0.428571,0.428571,0.571429,M(K) R(E->A) M(T) M(O) M(M) R(A->O) R(C->R)
AYDANCE,RIVO,qwen3_vl_8b,7,4,-3,7,0,3,4,0,1.000000,1.750000,-0.750000,D(A) D(Y) D(D) R(A->R) R(N->I) R(C->V) R(E->O)
INDOVAC,INDERAL,qwen3_vl_8b,7,7,0,3,0,0,3,4,0.428571,0.428571,0.571429,M(I) M(N) M(D) R(O->E) R(V->R) M(A) R(C->L)
CELBON 4X,CELEBREX,qwen3_vl_8b,9,8,-1,5,0,1,4,4,0.555556,0.625000,0.375000,M(C) M(E) M(L) D(B) R(O->E) R(N->B) R( ->R) R(4->E) M(X)
OSLOCUL,OSTOCAL,qwen3_vl_8b,7,7,0,2,0,0,2,5,0.285714,0.285714,0.714286,M(O) M(S) R(L->T) M(O) M(C) R(U->A) M(L)
PROSEPT,PROGEST,qwen3_vl_8b,7,7,0,2,0,0,2,5,0.285714,0.285714,0.714286,M(P) M(R) M(O) R(S->G) M(E) R(P->S) M(T)
VIGORUP,VIGOREX,trocr,7,7,0,2,0,0,2,5,0.285714,0.285714,0.714286,M(V) M(I) M(G) M(O) M(R) R(U->E) R(P->X)
VIIGAMP,VIGOREX,trocr,7,7,0,5,0,0,5,2,0.714286,0.714286,0.285714,M(V) M(I) R(I->G) R(G->O) R(A->R) R(M->E) R(P->X)
RIVOTNIK,RIVOTRIL,trocr,8,8,0,2,0,0,2,6,0.250000,0.250000,0.750000,M(R) M(I) M(V) M(O) M(T) R(N->R) M(I) R(K->L)
LAATU,LACTO,trocr,5,5,0,2,0,0,2,3,0.400000,0.400000,0.600000,M(L) M(A) R(A->C) M(T) R(U->O)
ANYOLAX,MYOLAX,trocr,7,6,-1,2,0,1,1,5,0.285714,0.333333,0.666667,D(A) R(N->M) M(Y) M(O) M(L) M(A) M(X)
KETORCOLAZO,KETOROLAC,trocr,11,9,-2,3,0,2,1,8,0.272727,0.333333,0.666667,M(K) M(E) M(T) M(O) M(R) D(C) M(O) M(L) M(A) D(Z) R(O->C)
TUTORIALAE,KETOROLAC,trocr,10,9,-1,5,0,1,4,5,0.500000,0.555556,0.444444,R(T->K) R(U->E) M(T) M(O) M(R) D(I) R(A->O) M(L) M(A) R(E->C)
KETORIOLAC,KETOROLAC,trocr,10,9,-1,1,0,1,0,9,0.100000,0.111111,0.888889,M(K) M(E) M(T) M(O) M(R) D(I) M(O) M(L) M(A) M(C)
RIVOTICIL,RIVOTRIL,trocr,9,8,-1,2,0,1,1,7,0.222222,0.250000,0.750000,M(R) M(I) M(V) M(O) M(T) D(I) R(C->R) M(I) M(L)
LASKIX,LASIX,trocr,6,5,-1,1,0,1,0,5,0.166667,0.200000,0.800000,M(L) M(A) M(S) D(K) M(I) M(X)
LORRIX,LASIX,trocr,6,5,-1,3,0,1,2,3,0.500000,0.600000,0.400000,M(L) D(O) R(R->A) R(R->S) M(I) M(X)
LASPX,LASIX,trocr,5,5,0,1,0,0,1,4,0.200000,0.200000,0.800000,M(L) M(A) M(S) R(P->I) M(X)
ANNIKAAIN,AMIKACIN,trocr,9,8,-1,3,0,1,2,6,0.333333,0.375000,0.625000,M(A) D(N) R(N->M) M(I) M(K) M(A) R(A->C) M(I) M(N)
NEURRECT,NEUROCET,trocr,8,8,0,3,0,0,3,5,0.375000,0.375000,0.625000,M(N) M(E) M(U) M(R) R(R->O) R(E->C) R(C->E) M(T)
KETUROLAE,KETOROLAC,trocr,9,9,0,2,0,0,2,7,0.222222,0.222222,0.777778,M(K) M(E) M(T) R(U->O) M(R) M(O) M(L) M(A) R(E->C)
KETOROLOGIC,KETOROLAC,trocr,11,9,-2,3,0,2,1,8,0.272727,0.333333,0.666667,M(K) M(E) M(T) M(O) M(R) M(O) M(L) D(O) D(G) R(I->A) M(C)
KETORCOLOGY,KETOROLAC,trocr,11,9,-2,4,0,2,2,7,0.363636,0.444444,0.555556,M(K) M(E) M(T) M(O) M(R) D(C) M(O) M(L) D(O) R(G->A) R(Y->C)
OBUPROGEN,IBUPROFEN,trocr,9,9,0,2,0,0,2,7,0.222222,0.222222,0.777778,R(O->I) M(B) M(U) M(P) M(R) M(O) R(G->F) M(E) M(N)
KETEROLGE,KETOROLAC,trocr,9,9,0,3,0,0,3,6,0.333333,0.333333,0.666667,M(K) M(E) M(T) R(E->O) M(R) M(O) M(L) R(G->A) R(E->C)
ABASCOLOGY,ABASAGLAR,trocr,10,9,-1,5,0,1,4,5,0.500000,0.555556,0.444444,M(A) M(B) M(A) M(S) R(C->A) R(O->G) M(L) D(O) R(G->A) R(Y->R)
RIVOTRIIL,RIVOTRIL,trocr,9,8,-1,1,0,1,0,8,0.111111,0.125000,0.875000,M(R) M(I) M(V) M(O) M(T) M(R) D(I) M(I) M(L)
MYADAYS,MYOLAX,trocr,7,6,-1,4,0,1,3,3,0.571429,0.666667,0.333333,M(M) M(Y) R(A->O) R(D->L) M(A) D(Y) R(S->X)
OSTOEND,OSTOCAL,trocr,7,7,0,3,0,0,3,4,0.428571,0.428571,0.571429,M(O) M(S) M(T) M(O) R(E->C) R(N->A) R(D->L)
MYORAX,MYOLAX,trocr,6,6,0,1,0,0,1,5,0.166667,0.166667,0.833333,M(M) M(Y) M(O) R(R->L) M(A) M(X)
OSTORED,OSTOCAL,trocr,7,7,0,3,0,0,3,4,0.428571,0.428571,0.571429,M(O) M(S) M(T) M(O) R(R->C) R(E->A) R(D->L)
RIVOTAL,RIVOTRIL,trocr,7,8,1,2,1,0,1,6,0.285714,0.250000,0.750000,M(R) M(I) M(V) M(O) M(T) I(R) R(A->I) M(L)
MYNTAX,MYOLAX,trocr,6,6,0,2,0,0,2,4,0.333333,0.333333,0.666667,M(M) M(Y) R(N->O) R(T->L) M(A) M(X)
RIYO,RIVO,trocr,4,4,0,1,0,0,1,3,0.250000,0.250000,0.750000,M(R) M(I) R(Y->V) M(O)
INDEXALS,INDERAL,trocr,8,7,-1,2,0,1,1,6,0.250000,0.285714,0.714286,M(I) M(N) M(D) M(E) R(X->R) M(A) M(L) D(S)
VIGORAX,VIGOREX,trocr,7,7,0,1,0,0,1,6,0.142857,0.142857,0.857143,M(V) M(I) M(G) M(O) M(R) R(A->E) M(X)
